-- MySQL dump 10.13  Distrib 8.0.32, for Win64 (x86_64)
--
-- Host: localhost    Database: prfinal
-- ------------------------------------------------------
-- Server version	8.0.32

/*!40101 SET @OLD_CHARACTER_SET_CLIENT=@@CHARACTER_SET_CLIENT */;
/*!40101 SET @OLD_CHARACTER_SET_RESULTS=@@CHARACTER_SET_RESULTS */;
/*!40101 SET @OLD_COLLATION_CONNECTION=@@COLLATION_CONNECTION */;
/*!50503 SET NAMES utf8 */;
/*!40103 SET @OLD_TIME_ZONE=@@TIME_ZONE */;
/*!40103 SET TIME_ZONE='+00:00' */;
/*!40014 SET @OLD_UNIQUE_CHECKS=@@UNIQUE_CHECKS, UNIQUE_CHECKS=0 */;
/*!40014 SET @OLD_FOREIGN_KEY_CHECKS=@@FOREIGN_KEY_CHECKS, FOREIGN_KEY_CHECKS=0 */;
/*!40101 SET @OLD_SQL_MODE=@@SQL_MODE, SQL_MODE='NO_AUTO_VALUE_ON_ZERO' */;
/*!40111 SET @OLD_SQL_NOTES=@@SQL_NOTES, SQL_NOTES=0 */;

--
-- Table structure for table `order_buy`
--

DROP TABLE IF EXISTS `order_buy`;
/*!40101 SET @saved_cs_client     = @@character_set_client */;
/*!50503 SET character_set_client = utf8mb4 */;
CREATE TABLE `order_buy` (
  `id` int NOT NULL AUTO_INCREMENT,
  `id_seller` int NOT NULL,
  `id_product` int NOT NULL,
  `quantity` int DEFAULT NULL,
  `sum` float DEFAULT NULL,
  `state` varchar(45) DEFAULT NULL,
  `data_achizitionarii` date DEFAULT NULL,
  `qantity` int DEFAULT NULL,
  PRIMARY KEY (`id`),
  KEY `fk_id_id_product_idx` (`id_product`),
  KEY `fk_id_id_seller_idx` (`id_seller`),
  CONSTRAINT `fk_id_id_product` FOREIGN KEY (`id_product`) REFERENCES `product` (`id`),
  CONSTRAINT `fk_id_id_seller` FOREIGN KEY (`id_seller`) REFERENCES `seller` (`id`)
) ENGINE=InnoDB AUTO_INCREMENT=14 DEFAULT CHARSET=utf8mb3;
/*!40101 SET character_set_client = @saved_cs_client */;

--
-- Dumping data for table `order_buy`
--

LOCK TABLES `order_buy` WRITE;
/*!40000 ALTER TABLE `order_buy` DISABLE KEYS */;
INSERT INTO `order_buy` VALUES (3,2,11,11,121,'inactiv','2023-06-25',NULL),(4,2,12,11,121,'inactiv','2023-06-26',NULL),(5,7,13,13,169,'inactiv','2023-07-06',NULL),(6,1,15,132,3095400,'inactiv','2023-07-14',NULL),(7,1,17,100,700000,'inactiv','2024-01-21',NULL),(8,1,18,11111,122221,'inactiv','2024-01-23',NULL),(9,2,19,120,14400,'inactiv','2024-01-24',NULL),(10,2,20,222,44400,'inactiv','2024-01-26',NULL),(11,4,21,33,1089,'inactiv','2024-02-08',NULL),(12,4,22,212,4664,'inactiv','2024-02-08',NULL),(13,1,23,33,759,'inactiv','2024-02-10',NULL);
/*!40000 ALTER TABLE `order_buy` ENABLE KEYS */;
UNLOCK TABLES;

--
-- Table structure for table `order_sell`
--

DROP TABLE IF EXISTS `order_sell`;
/*!40101 SET @saved_cs_client     = @@character_set_client */;
/*!50503 SET character_set_client = utf8mb4 */;
CREATE TABLE `order_sell` (
  `id` int NOT NULL AUTO_INCREMENT,
  `id_user` int NOT NULL,
  `id_product` int NOT NULL,
  `sum` float DEFAULT NULL,
  `quantity` int DEFAULT NULL,
  `state` varchar(45) DEFAULT NULL,
  `data_achizitionarii` date DEFAULT NULL,
  PRIMARY KEY (`id`),
  KEY `fk_id_id_product_idx` (`id_product`),
  CONSTRAINT `fk_order_sell_product` FOREIGN KEY (`id_product`) REFERENCES `product` (`id`)
) ENGINE=InnoDB AUTO_INCREMENT=59 DEFAULT CHARSET=utf8mb3;
/*!40101 SET character_set_client = @saved_cs_client */;

--
-- Dumping data for table `order_sell`
--

LOCK TABLES `order_sell` WRITE;
/*!40000 ALTER TABLE `order_sell` DISABLE KEYS */;
INSERT INTO `order_sell` VALUES (1,1,4,1,1,'inactiv','2000-11-11'),(2,4,2,2,2,'inactiv','2000-02-22'),(3,6,3,3,3,'inactiv','2000-03-03'),(6,6,6,4.3,1,'inactiv','2023-07-14'),(7,6,4,12,3,'inactiv','2023-07-14'),(8,6,3,4.6,2,'inactiv','2023-07-14'),(9,6,6,4.3,1,'inactiv','2023-07-14'),(10,6,6,4.3,1,'inactiv','2023-07-14'),(11,6,3,6.9,3,'inactiv','2023-07-14'),(12,6,2,2,1,'inactiv','2023-07-14'),(13,6,13,13,1,'inactiv','2023-07-14'),(14,6,13,13,1,'inactiv','2023-07-14'),(15,6,13,39,3,'inactiv','2023-07-14'),(16,6,13,26,2,'inactiv','2023-07-14'),(17,6,13,26,2,'inactiv','2023-07-17'),(18,6,3,46000,2,'inactiv','2023-07-17'),(19,6,13,26,2,'inactiv','2023-07-17'),(20,6,3,46000,2,'inactiv','2023-07-17'),(21,6,15,23450,1,'inactiv','2023-07-17'),(22,6,14,20000,1,'inactiv','2023-07-17'),(23,6,13,13,1,'inactiv','2023-07-17'),(24,6,15,23450,1,'inactiv','2023-07-17'),(25,6,14,20000,1,'inactiv','2023-07-17'),(26,6,13,13,1,'inactiv','2023-07-17'),(27,6,15,23450,1,'inactiv','2023-07-17'),(28,6,14,20000,1,'inactiv','2023-07-17'),(29,6,13,13,1,'inactiv','2023-07-17'),(30,6,15,23450,1,'inactiv','2023-07-17'),(31,6,4,1800,3,'inactiv','2023-10-17'),(32,16,14,20000,1,'inactiv','2024-01-09'),(41,17,2,0,1,'inactiv','2024-02-06'),(42,17,2,0,1,'inactiv','2024-02-06'),(43,17,2,0,1,'inactiv','2024-02-06'),(44,17,3,0,1,'inactiv','2024-02-06'),(45,17,4,0,1,'inactiv','2024-02-06'),(47,17,4,0,1,'inactiv','2024-02-06'),(48,17,4,0,1,'inactiv','2024-02-06'),(52,17,14,0,1,'inactiv','2024-02-07'),(53,15,2,0,1,'activ','2024-02-07'),(54,15,15,0,5,'activ','2024-02-07'),(55,17,2,0,1,'inactiv','2024-02-07'),(56,17,15,0,1,'inactiv','2024-04-01'),(57,17,18,0,1,'inactiv','2024-04-01'),(58,17,14,0,1,'inactiv','2024-04-01');
/*!40000 ALTER TABLE `order_sell` ENABLE KEYS */;
UNLOCK TABLES;

--
-- Table structure for table `product`
--

DROP TABLE IF EXISTS `product`;
/*!40101 SET @saved_cs_client     = @@character_set_client */;
/*!50503 SET character_set_client = utf8mb4 */;
CREATE TABLE `product` (
  `id` int NOT NULL AUTO_INCREMENT,
  `name` varchar(45) DEFAULT NULL,
  `des` text,
  `price` float DEFAULT NULL,
  `type` varchar(45) DEFAULT NULL,
  `quantity` int DEFAULT NULL,
  `greutate` float DEFAULT NULL,
  `dataProducerii` date DEFAULT NULL,
  `image` longblob,
  PRIMARY KEY (`id`)
) ENGINE=InnoDB AUTO_INCREMENT=26 DEFAULT CHARSET=utf8mb3;
/*!40101 SET character_set_client = @saved_cs_client */;

--
-- Dumping data for table `product`
--

LOCK TABLES `product` WRITE;
/*!40000 ALTER TABLE `product` DISABLE KEYS */;
INSERT INTO `product` VALUES (2,'Iphone XR','Descriere Iphone XR',1200000,'Smartphone',94,200,'2222-02-22',NULL),(3,'Samsung S20 Ultra','Descriere Samsung S20 Ultra',2300000,'Smartphone',52,250,'2023-06-12',NULL),(4,'Iphone Charger','30W',60000,'Charger',388,50,'2023-06-12',NULL),(5,'n5555','dd555555',24555,'t5555',555,555,'2222-02-22',NULL),(6,'n2','d4',430,'t4',0,4,'2023-06-17',NULL),(7,'n5','d5',546,'t5',0,5,'2023-06-17',NULL),(8,'n8','d8',800,'t8',0,8,'2023-06-24',NULL),(9,'n9','d9',900,'t9',0,9,'2023-06-25',NULL),(10,'n10','d10',1000,'t10',0,10,'2023-06-25',NULL),(11,'n11','d11',1100,'t11',0,11,'2023-06-25',NULL),(12,'n11','d11',1100,'t11',0,11,'2023-06-26',NULL),(13,'n13','d13',1300,'t13',0,13,'2023-07-06',NULL),(14,'Iphone 14','Descriere',2000000,'Smartphone',117,345,'2023-07-14',NULL),(15,'Iphone 14','Descriere',2345000,'Smartphone',122,245,'2023-07-14',NULL),(16,'Apple Watch','SE',700000,'SE',100,200,'2024-01-21',NULL),(17,'Apple Watch','SE',700000,'SE',100,200,'2024-01-21',NULL),(18,'Nume111','Descriere11111',1100,'Tipul1111111',11110,11111,'2024-01-11',NULL),(19,'Serai','2 metri',12000,'Prelungitor',120,200,'2024-01-25',NULL),(20,'dima','desdima',20000,'Tipuldima',222,222,'2024-01-03',NULL),(21,'caine','caine2',3300,'hhh',33,3333,'2024-02-16',NULL),(22,'dsdsdsssssssss','sdsdsdsdfffffff',2200,'scdggggggg',212,123,'2024-02-08',NULL),(23,'dddddddddd','ddddddddd',2300,'dddddddd',33,3333,'2024-02-10',NULL),(24,'PlayStation 5 Pro','PlayStation 5 Pro',100000,'Consola',20,10,'2024-02-10',NULL),(25,'Image','Image',5,'Image',5,5,'2025-03-07',_binary 'PNG\r\n\Z\n\0\0\0\rIHDR\0\0\0\0y\0\0\0\0\0\0sRGB\0\\\0\0\0gAMA\0\0a\0\0\0	pHYs\0\0t\0\0t\fx\0\0IDATx^\`TEǿ-\nz\$B\)R+\\\\ӻS\\;=\\\\O;*(H/J\{IH\g{\~/\6\\rH\|G\̛߼7\\f\I\0\\nRINX,/<<<l\\S4F#\/\l\s\\\x~p\\3x~\\\\p\p8\\p8n\s8\\p8n\s8\\p8n\s8\\p8F&\Ҁ|77\l|\n\\\\nJ\\0\ h2H$6\TuPX<?q꠰<?x~8\R\Aay~pƥ\7͂\\.<A3k\\\Bas힞꠰&IޔKU\\3.<?\\\\g\\%?D\\3x~p<?\\^k\\0\\p8\\'\=\\p8ӏ\=\\p8ӏ\=\\p8ӏ\=\\p8ӏ\=\\p8ӏ\=\\p8ӏ\=\\p8ӏ\=\\p8ӏhZaX\Bvru[[\ժ*\\m{(l\\\0\ZB\Ώtx~ąx\B~L\ǥ\^\;:^\TUU	=AJ$ۑsh;\\Rܓsz\KUϏ\G\\o\\ѷt\[:x~-!?$,AO-=<<gPغ:\\\\\\==\A	\jBxTjs\KU\\3x~p<?\\^kpu:H\cg\"?su%\\c\\"?:H\E>up;|\ \:w1\A\u8\,b󩃄\p\\Y\\S	\\ؿ\ϧ_C0\9\\p8N\\p8N?\\p8N?\\p8N?\\p8N?\\p8N?\\p8N?\\p8N?\\p8N?F\h\\m;KBMmmmR\\.vOOucG,WTuPX<?q꠰<?x~8\R\Aay~pƥ\7͂Zhjj\n͵{zL&\dno\n\j(--euR)\\\\'W\u\\쑃fI8\zV~\s\\\x~pƅ\\+t\!aA\{!\\qjI\\\\\6\\\JF⧋t\\\\\\-(D\\07\nRݔK̢\\\0ڬm\0b\Cj5!%9\_y?:s\\\x~p\p1__II	<OX0JU0I0)`>[p\۴=\63d=\-\ZHMZH\\aB+\}G y~B_\A=w\+Gq\gO=\htzo)?\Z\Z\Z\\\wwwkT7*]W_깥t:\\\\\_ʫ~m\OO\\\,{B\\yf\KEpCsM\f\jm\Fa\)\`\C:\\:ǎҳݨ5\!\\KPN7s.:zzΥ\\\\Xm00\tða)Bà3~zy\o\rG\Zh\S+\\\-$Bn1]_E\r?o\Z4!!!}\0p\@\\rHЗudgg&+Ш5D\ܤh>^]\0S/i@\\\"Qo*r]v\\8:A\޸@r	BUFer\\'9\+\\y54\\Ԃ!\Ɉ-D\\E7 y~B_\AC)69,\>03C}X)n\\hJF\$	\Z\P[Cs\\\\iM\C\\\B\\V\ :0Ӷ\(\rmЩu0hc7\qziQ\\\\\t6_\\\yECl\n\\h2Z?\\0\1\\@\"T\a3\#&\\/,Fh\_\Z\'OfQmz)@\LCkU ]1\u@uik4\\q8BϣY\DB\\\p8=zިW\C|`e\:\q=+F\n\Ze(<|p*7\\\³\x;	ܕ*\=Pz\;\qC9-Cl\\wpNt\e(\\D}u\\\\V&7} -\\\C_Hh72L\{\9=\oL\\Zm\$\zZ.ꗭ\Q\'\\n\\\\p7(7] ]S\\43\\6\8UQ?`\}2bR\\H\r8.\>AV\\RL0O\\1w\(:mЗt:u\nY9y\R\-\(\4\oj\"\"Ax\U\=Zӿz\[_S\"B1~x^^?\2]f;N\#\\'GXAmgDF!0\rV-,̍\VxY*AD>\d`hfF?=\ZY]\d4\|8}2\r:h)u*uK[1 9N\1P\M0\<mWg%f&+\\\n/c@Sm#\\nר23pic\I\hܮ\d2	o1m9K-Z\\\\\\ooo7>\\nK-\A*m\={B$LrBUVm\\Z\R\Ф1Ac@\\Ǝ\m1`\\SHe8SMK\FL0\&2\?\\\Ė_ /\\f\\k~z-j\Kת\\wd\X\\<4\T\\\\Pyեpc\r(D\\\\\CϚYACQ&\\놜\M\!T\ٗ-\#+]7\g\\:.Vy\<?\"+N\A\\\\pBoȘQ\\ѾV\\oVYhm\S\ 0,\nn.^\"\Z᮫E.\\+uJV\={_<@	p\ H\\nt\֠wW(\1̠oh֣T\enV)Шf\\nZqu3\\r&zɄZlYbA_s6AmE1_6Soݮ-i\G\4\\q\}B!c\V\\G\s\\W\\7\\\t\jAّmh,\{GHX#\\\Qcg\;$F8v\\"-ƨԡ\n\nvOoθTu\\\<?x~tEAA!JѬ\r\"lo(Gz!)HaBp73\iz3c\ZZJ\3\\r\\\ҼH?Qv\,\&kC\\Oo\u0\\6tHܘ	#\^\,`\ȑ\|\Cy%a.\8\\KOuPbi\.\n/XȠߵk\صA/@_0\DJQפC33\i\\&\ZZMP\L\;0x}<\E\da3\S{ՠWx(;7\,:2\cRUH\'!\\tMKE!js\r&\#:\2\\fuh\OH\r}oθTuP؋Q^9\Ϗ\\\EFA9\AϪ\v\N`H\'\TԵaf;\\Z\N\\Z\\ThEK\H\ OdW\Zu(+8\A_OΎ\\\\Uw\r\rշ\C\Xms\\Z\npn8\oc=dHK\\+uP\P^IgQI(Bj}-\\^\TAh\0] Q%%%h\Unn2(\\\rZ:U蕠\,.\Znc\X!)˘qό^\n9MA\C\n\v\lByA6,~}W\(8yTJSWQ*yOB҈qh\ޟceŰA\juxIA\1QDšk@87/ \\	\U%\i\(\\z\j\\\_\8;}\7\<KH3\\tLA\K\0m\\\qcy\rD\4S\E/\ƞ$OS3\"\\\\u\sݕ\\L.UbW΄\Ϗ\Mj\d]wx{\"ГK2\\`\\\\\\\\\\=Z&^ԶPR\\\ZG\\\ǟ5iM\qr\r,\\\]aRu_-&46饬\r/\e4\'ǞUc\\hah?Vf$5\Y06&\(\5e\\W2:KM,|\"X\L\\Zf켳a=J7DFF\B蠰\\\"\Ǵ\B7\n+ٰ>?߶c\Oْ\$aa7tZ2#z\^x/R\MAB\TBn<\r\E\?q5\ł\ZO\O\I#\	\\i<m?(\`\DƾmLg0>~Ș\N=\C@h\!W\70)\\Z\fѩeʖNWHݕWH\\4r\nLùPeN\c&Vnd;\\	±\GM\\˭I\'\\=2Np׾<vG\Ma؋R4jm_<\Cʈ\ˌk\Ш\n\^01{\\\PȠ\Rc3\=+\\\po7\ɀo\ܘN6\\x2\\\Pϸ34-M\=~\0Gwn&\\y#\A\\q˽6~01\\?{`|;>5*/\'\_2c\\W\\\\\GtR\nZ\Z\\PU\8^MĄ\a\\\_ |\b\)T`\L\(r8\ņoQ.\]BG\i\4f\\<\u\M̰\Mі@y)ךa15\f8r+2u=0\%c#R\'C@W\9\h,;\nf\뙞\\\Z\aj\EٱHg\ra\th\ߏ\= /#U&1y\Сc\+,:\2PoT\=8v\߫+T>Nn|E\4\\;\y]\졷\\;+ĄBbT\\n<fٓ\V=T|t1#V4l4\bw\:.m)\>\g݋\JA6	z=\Z\;\Z>\\K\&qzCw(+mƻ?;O\p8I{GT{\'\\\_Q\\+{7\\g4enFA\Q55è݋\|\r\ԩ\>k\V-|>{K\;6\o\C5\0\\F\k/\ǅob%|~^p0\j\'/\W\0-8X\\X$Zae5r=J6\ya\ZE\ϰn\&Tn߼=l[WO\}\n΅V߿w|+\*ae\d{\+(JgΥ\\05\Ya\J/2ڍ\2\ZM01AH`\"1Ak\Fa(f\\\y9׫T\⻷\k\r_)<C.S_U\\wQx\"0a0	xOVXD7\8/\\C\s\_g \\N~v<\r/\RB¦?i\atܽ\c\_\#߁)#$x]\"}\{<\u\:w*\"*\nQ\3)ՠ)wvK\\\\\7\/n\4$\rE\\)>`vh;p\ߗ\\W?_;ZN\J,|;\\r	J)\}9:=dNenVHДW\Q֠Mp0/\^\\BBC_\\|\]\kᑗ\M\\mŹPI\o\ E%	\\s1\\;\{\\Y\\_γ\&V0n\7xԍ\Z\\d>I:7\4\ZAQHjY:J\<0l\U77d\4\\v}\Z\J\ir\\n-\\\y\7	â\g\Z(Pǒ\?.R\4\30\\p\\8.ڠB\S);+D\r*T)P\eR\j;ɅB\\\Z2\«TpaigX\\n)4,zRF#yaR \Zk+\{R@o,%ţל=)\:4vVIF@0a\Wh?O<`dЗf5YcЗh\ZJCKA༇K^p3\z\cl\r,_!\8f\\Q\r\r\\fVi sOHܙQ\Ox! \\\\\0xF qxV&\"\W@3英Ox<B:V\,\s8ҠJ3ֶVo.\Z-\X7\`@o@\\\o$\\Z\\\c\=}82MXI\vn\sx\z\\r!HI0\ނC\6qܲGo@αbzPh\\H4\	Cvh\00??^$R\H\nWHL%\\%Bo|PQꭷZ\̍afƻ\$lF\\\\a4K\\s\\\\\^=kƞ\'QRT\V\WWP}Љg@\؝\|;z\=\\rM8x\`F!,\\bg32q2Yم\>U\\\g\\B[\Z\F;	`G(=0(e4\\\p#{곷\OӨrZz\i}_\\&w\F\\\SS\·V\*O\d\-Cq\\;!~o`z\\-\ѝX\\\\?8!\|\NP/\\p8}\r2ʩK6x\iSE\kU\ꐲB~\*n\_\\r숹P\c転9\\'dm^9\$\+12\A_9i췕5&jT4kJ\\\"2\\\YzY\+\\Πt\*;e=\K\\&RnaΥօ7v`\wJ%qC\ĝ\]\S4q]Zl8v\\\\N4\&Ҳ\0ca:\x@ܐ\\FL\\T\0\0\K]B\\]+\o27DX\΍\Z\C\08ڡBAI:f\1C\	 }颸),\$(\\\\w\r\r\rvOoθTu\\\<?x~tENN\*P\A;\:\\$ǠPD(\Ӣ\\\4VIlc\\ fu;f?4<\~AcCbkP~v\ZZ\bKeyV\\q\8)\(\\\\\\\Y^plr?lߨПBNƌ\+F\i|\Ԇވq7<y}؍={Ȥ1\\[0ǰcϞ\ZN\?0p#o\z[\0\\'9\]#\f\\;\I<1\Z8p,f#T:V\\\\\:$\NirQG)$,\H\)3Uvr\ \F\\\n5D$Kƣk\-h\qO Cz\Wz\\\e #\"\Z ((\\\=~8\R\Aa/Fy\KU\ѽ\\Bd\vk\\[\0%̘6OUnXX\?\\nԗOU\V\z\\\\-V|\\\0ڦ(kj7\f{\Fܺ	kw\\"2&2\r\\ƃ\\;8x\rHĳ0w>}M\X¡?\CuC\K۠\G\P\t1|$1bĀ(K^^\0\n!\"]M,mjjW(\\{Qz*n+&Z$\\֠Ȉ\\\qa\]9}.di\Ip8hЧ\Z\\`k\\KU\3x~\|,\֠omP\iZۇ\,]\/\\XX@kJiy8-<;U\0\]>\~PZk\TSAK0*3C\rA\17\"6ToS	j3q\dY{t*\n1)H\rQw|\'JK*P\eo\ZN0\0Ujv\r)	wrx\r\\Ic8^0ŧbt!99(`ƿ{\8\\w9BA\\QF\E?Wr\\rs\CnU^9\Ϗpeȍ5\`./\\\:%: 4B\VUsՐ\_\\/\{9\\\\\\\rC\&XE83\U^\.\\p8}n\s8\<}\\B\{,A\\\ݝN?\\S\%iLO\k7\1\\w\F\\XH`\܂icz\'\\|\6\W\K:\\C\\>\:Ky\\zNu\\	+x{{nN_veU*L(k\\E7 y~B_\\rz\=\\rz\\j|\\'3g,q8}\rZv\=zN/F\<?\\/\ >#M\}\\p\\\Ԅ\07\{\\=?\r<?\\/\ >\'\'m|*7a\lXh7\{\\=?\r<?\\/\ػw/JKK1s\L\9~P?\p\\rrQ7\\\\rzN}K7 y~B_ұm\6TVVb6\\#>Ww\q/\\\\oz\$\,Eؓmm\\\6\\\\nK	mm\mɠ\\0w\\\\r6,nPH\H\Ϝh\_s\5HJJvOoθTu\\\<?x~tŎ;P]]\\rzNB}EEnV^^Wf =9\n.ףVؚBOuGXg\v\\\hQU\f\2HgFG9sA4\g͚k\\KU\\*\GW\ٳG\\=7!\\e	quP\(DF	v\n+~p\\SXV+[,\C\l(E\\!hi5\H%\%\ )zt9\"\Z\]w\Cnz\pƥ\^\<?x~t\\\N#\yy\\n\\+έؙ\\\ߑ8\JD9\X\!\]<\H\V|\nMkFxOin\\X\\'*\js(\+\|\G\o?^pb\:G~]#?G\"\ȯ+q\\HDu%\"#?Gb#G\"\ȯ+q\\HDu%\"#Dđ#q\\H\q\\HDu%\"#Dđ#q\g/bV\C\bj`\\\\t3\\\JDu%\"#Dđ#q\\H\q\\HDu%\"x\f;0Y59\]\\rn\VYth3BߒY0\5tu\\)׿w\=e0,\Ȩ@-3\,uh`X\\<wZ2qp.!|\xN\.\bX3=Le\H/\b9\sp\&!\w&)ۇo.\Z1\R-AQ.|\f\?\\\N^l\e\\p8>e,\K\V&`z#0\Z4B\ùtp,\01Y\&H5h34@gA\n\"Lp\l\\ʏ\Ȗ\Xv/	-y4G3Q\jͺ\_&\c<4\r\݉+7c\Lשa`A4=E][=\w;p<z\\\oV\\ېYoZ	\n\Ʋ\"\\\p\6vn!\n\=mBp8N\\f\ԭn{\\\AךwN_+4\\;w\n9Kgл\B\\y&zt:#\ZtA\OaT\'\\-\\0if\ߋ\&|x\l\\[BF4iǎ\\+b1k\R[\\\\\\\1)E\r3k\Z,ACU.\/U\rh+o4M-P7עuU㱹8\.\\}x/WbXrS\ʋQH\\Z\ŌG\?݃\c\+<cb\Zo\`ĝ\P>}?f>^]/\\܇ع_\Kv>x\\9\\\\p86#L-{\&@\*Bi+\r\\\긢}Tu\\\sn\0Zm--%s\Z\\\ܺ\7\\/9Vv\|\FB:DȝV4\H\ˣ:~Qjjj{\\A/ \rWB\"ɨCm/\Coo3Q\\goC\Z;\Z2n;\mժx`u;\GqKZ\Z\\&2/8ӏJ\\\/\r\E\'\\ز\M,ϸyڕ\\8VnWHXu$Z\Q_Y,5zVt!:f\EA\م\"\\p	\i[+\ـ\\0A-3Pu:\Y\nh)L:\\W_-L;Hů*W\\\{\i^`ͧg<\g]/=裂r\~\u\]8\\Ey\q\\	\Y\\g@\Zn)d2%\\n7\%)*g 44^^^¢{\\(\wcae3݌F3tz0d\\hR\\c+Wb\EXLȲ2q`\gȭ@d{\^\b\\=b\Q\Ĥ9\y\\\}\ngQ5X\OP8~\\~\|S\\5$&!`o\-dfgbo͋\\p8\2\i0d0i\fdƻN\rA\h48^*6IMM\W_}T_\\/}zj@\З\f\Bca\С}<\#¹7xOKVUUuǥa;Be˄o\s\{?\\8졧پ̘o\\^Q\\l\M7{]\\NJ\/[7b\X~\oݍ]\"\I\h|Ϙ3\#_IM\ZA\\LBd\p\\6e2\\\\\EFj#~\$̾\1u\". j\q\Ah\*B\ɒs8\#q<mnɬ	\bACeK\!+#\uu:((_~9fPdI&	\eff\\O?\_ٷoACj^z\\{O\&رcXt)}Y\0\MOOh\Zڲn\:|嗂\\N/\\#1c\ ..Nh8\^\\_\\\\\ 111׫RcOOO\/g%\nI\i\0y\s\{FM\AOEXI`L\\^^P\Ƞ\!`\\z@f5\\\(E:Cc:Q\1*d{y\\C\\\\*uGC\$\\!\\U|$Дg#\\\p8~D\$mm@2xx\'3#8XXs]Gp9/_.\z^SRR#Gc\i<9߲e8|!\9MMMMc\\x\;\Z4\<\'\'Cǚ5k\\^\:ܗ,Y{\niu\)\r\N\Wh]+\h\V	Tz;2\8)q(dӋSL\Z\r4\guF43\z}Ng\ͣa\-fڌfKPJ\5(\Za\\|F.\'\v;<s\'\\V}ǚ\i%\\\\\\h\Z\b<\<`OR\8\;2!,\=\\IG)o\\{z\\\0\\\M󨞣q\\\zz\!\oJ~&4\\\\w\}7>C;k\:\BBi8BCC3\\0w\\p#ҠwSB\wLZ-4\Xea]1c)ى\^ٱ8d\N\\L΄@\=\nkn\Z4.5\(i\r\\\0\Z~\pੳ\ۢGˊ\"\Qc\\p8}N?n򀗧J0\\w4Dl޼\\r6t\'ׅ&d?\شi\NP=J~=\|&4d\Z\+.\Log\:F\Z%LX5ivI\r\q\b$T}$9s\\Hzz:\ݺ\\rZ\?\0\B@a\"l\\p\]\p\<>s&b2\o>݈\\t5f?]dU_9\&>ؐ%l>\-0rB\\\\\;\>Ă7\\?>R<tN{\\?\e(aib7,?7~罅\{$at\t\0Թs\\\B\\R\q\+g\߫¹\d\ӗhI\W\cOP\'B\\\o\nyC@iXkI\8ZT\'PC,\oo\^{H?k\\"Bc\ie]&,GIC2\ur^2ewEėQ|\\s\a\n.!Q\g<|B&#0t	&u+2\\Z̻N\\k1ɵLnq(O\2i\0Аv*:#\\\܆;oo?Gi\q\\#q]8\\S\8)F\\p\\\7snz\!<P\nIso\ͷ܈;nW_{#[\\\\Ң8:2\\y>v\X	ƌNi8l:f\u7g\ǮOE܈)µ\5\ap&;˅\ñ(\Re+Ѓ`4A/T\Hӹ@=\\j.4&\RZDȀu\\	!\\\,4\r\\;\v3\P\4/\AP/=M=z\g`\">\\\e \ uHX@\\ViY+W>Lc\\\:(i4+\\T|\\'3g_2\g4\'\ioθTu\\\<?x~tŶmۄɞΖi44f#Z5л\Eph\\\hݻw\\^z\\h\a\\#FyDF3M;w0Σ\4hVt2*~iaOXX0)\\\FP4\\I?شvV\\r7܀oYX\\_\\\}:]\\ի\\J?\9-JϮ]0a\!\\7\|#4D\\\q\,\\\iλ\08\\I$Y\%T\\s\pǱ38u\yaL;qL\\\;w\\[o%N\\baW^)=#	Vơƅ\\S|\\	z)Z0vh\"\֭[#=VX\?g\p\\4P\7\Z\\'B]\\\=\y\-G\+%\\)\'ĿNCT(L&A()⥿$nq/A\3\\_\\\nC\4<GC\r:~:Н^:&\"Υ\^R\:]\!i\yGi4\HAR\\\_\==\\_\+\C\\p8N?T2L\#cV_\nC-MI:\\:\ɟ\O\؇\8Dܞ\q#\E\"nE~bZ:\p}輮\B\C\;%ݘ\lA\\p8\\cA\\p8\\cA\\p8\\cA\\p8\\cA\\p8\\cA\\p8\\c$F\3A\\:p\\nZ6r\ hM\nOKrN\'\G;\u\9}qz\ʜ6Mq\x?q\X\3x~\\n\ڥu\9Wu\+**p뭷\E\j\'G5\\;C(.\j{ =^<t.Z>h\Ϛ5			6\\\\U^9\Ϗسg\r7\9	eee7oހ(K\\啄E Ўi%\(s-T%V\\n\\\+h؞\\\\\hD\s9\\\n{1\+g\\۷owyX\Uĝbov^^\ʭsk@<v&8w$\"GnN_\u&\"G~Dđ_W\"\\ϑ8\JD9G~\GDđ_W\"\\ϑ8\JD9G~]#?G\"\\ϑ\\\ߑ8\JD9G~]#?G\"\\\^83\\\JDu%\"#Dđ#q\\H\q\\HDu%\"x\\@~vtKJP\ZZ2\\p8\@b@\Zd_\\[\V\64\Z\Z\r\`\s::\\Ɓ\X5t&\\ؾ\G\\\p83@p\3o4\̠I\ъ\n\\@\\\\1\\Zԩ\6Y\\&\ԩab\fLͨiBc\ASc3\\\r}s\rK_\\\n.\\\_\tH\k:\0i/Ǥ\nMzv߬`q\L踃ݦ\\(\t\\IY]\\?[\nѪ?3\ڬfh\\nPR^\ZAVs\\nQ\o>+P\\ϗ\\E\"\%\\2T\XmmŶ\ùpleuu8VV\\dAct46:\YFO<}\0\v`\׋\;P/ʀXw_]We=u\n\xU,z\\Uo\o\\\'V\"I=s]\\'%-\rir}󹌒\ɣv\x\l4\\r-\ݧ\a<zx\s%-u;\O\46<6^g.elš7\rh݀9\\+Oӛ\]a\Q\\]ļ\p8^ƨף ~ڀ\*\1^\\\\z(^\\n\jk4aƼ\\::\@SR\'ЬVa\S+n\XW\\Z\\fz>У{Q=\\@\!Y\\b\hs0QHh*P)JH\lGz\r̢7Du\\ի\\/~l}c%\X߳\0￻_f\,̏\GMa7Yg\\v^7\\*#&K{G\"a\Z\|\=5\nwiaBkgv?Д?\r\\'A\&A=\|$;,Y\1\\aB\Z\jVa%`-]0\\cZ-*\n\Z\\_/\\܆Ҝl4;\q@K&Nl:j\`Nd@\\ 	\\Z772f&j&T\xm-\n\Ow\ZƗ\AÌx{4\Z#b?6@K\hJw\Ow\nn\db\\;O\oO?a\X\Z;׋\H*\BT\XEٰk?~/?z\\_`S\rƦDxBjֶ:\0\\9,Q\n\OG]\CFba:Yf{\0S1atLe2\\r9\<2\\Hz\\\̤pL<A,+)YM\\Z\n\';רh\ۇ\\>0\c|w96\}|6\Z&`ʄ1\ӋHQ\BB\\'\I\\7\!ñ̼\\OhX\u0\\ @.EB@\r\'2;\泍\\L\ꛧ:\eZ\o`U\\0,ϼ^V?o\Dͯskː~&\\\vs[=2\Zi\a	s{\J=\U\'q`\N|R|\lg-\~ϔז\Áb\pze\\fV$&&\\w+\hnmE3zx#b\$\r\8ZE]S]3a\\\V4\M\\U\G3z\.(F\\X\:\z9(<_?j\.3\ز=8\JT\8k/\m\Ba\\p\Y\$?%d\b6:(~Lr\rJ2a`\2\\$\񃹨oφA\\r\!ugdy\#\"3v,\Z\~!~\(D[M6d\\\ɒݪ\ښ\:0\llFΞ<(#aĄ1b4\Zvi4\LGMxTIo8]1<q\=<\!\_8{2vlZe\|\rf7FPdJ+\\\ߠ\4\ŅՂ\0wHMDz(\Q]\:\r\\\\W\\\%pT\e\"\^_vŬh\&u=\Ol\az	[\\Zl\\G_\\n\r\~ُ߯\]Ռ&`\L\W\qA\\=\\v\\ΤY\\\ʠ77ԖAA+ȘgV͌\2(sr\\\?IF\xD\V\"\\X\=<O\ٛ:jI&5\$\\ڃªZf3z!\a\\Pd|\\\W{£\K\\l\\\tx{H@\8\"\n-\0S&\13\|\U\rh4N!ɩ=\'Ǭd~.\0	1۰ڋ/\E\[=E5\\\Z4%\w\Q8y,\"\Qg\n\h醚NK\Zj*\0\\'jחX\1\'	hhAm}=j\\Pck_\.=\\r\\=Գ\\)\\o\rzԖ:;2	\hc\yP\"ʭ\r\<\چ\"f\t\'\zEg\x\\\\\Ϟ]/,ƱfM{\\y]S\T!\lX-f4\(\\%7/-fj4הPp\aR&(B}e.rs+Q\\\z5ʛN顮oDsӰ:\\\Ң<<\\P9\\\)z\:\K\f\\/߅\\\\ݏ{nx	3sG\䕠\v\b3p\0{\=x\\诂O\\Z]3\:M\\	<\Z7->\\\	\>w\=_\\gbz\\pze\+\ݑȌ\X9dj\\jadFqQ*\\ooo;xD\'`wr\fTeXwI\ q\2(bb7t2\%\rBJ\n\He%̬(\z\|̣	_Yw}2ߢ=[\\Te!{`EW!!&q\\`*\.f_wp <F\5y\PP\=81麌3\\S\\S\Nz\\\\\`\9+R~g?[_\=Dr`\'\NK`C\\0C\q\N@ppb\!\Wd\DzIx~f\w\\\Cyy_j]v9\澄w?~/^\\\r[FH\\n,\4~\洢\G\\rԚ-7\\|\ꐽ/\[PM+-Ͱ67\X6uF(kqrV474lvm*(짬\h\2=\r|N޾h+|\rnI\\2y\\\Z\\\\íD&w\\<\+X\\1b\\\|`\'\d\ڿga\o\\5h\\m3m:;\XxI(\W\ߊ\v#a\@_\\\\1Ιy/\n>#\Bl;>^z\Z>1sqfI腧kؙ\z\O\V;\{\u\\\	777zzbph(&3þ\\	4ߢ\"A$s\r	\-|%\H&\\\O8\Z8k]H\\n\\\\M\n)+uctLA6\*X\\_K֬\v*l\\/\P\\rD \O\4{\"\fZTډc\\+n\_²}ؔU]F\O|j)V-|s<\^Z!\0C\N@SPS4\!t-\nx(=\\\/Owȥ\Y}C-Jx\\\Yw\|\\|d\\2-\Ɏ	\\ظa-֬Z5=?\\\} \\! 01фYAk3\:5\nTj7q\gr\X\3\\UWB\\\[Z\\\ZXZ:y\Z-JVTy;q0LVk׫\Tے\/؀};p\\\bo\\_\\\\\g\}\\\Z\Z¾hv\nsV}5<;|\J4\\\Ͼ{wìL$G\$;8\2\&\>x\\\XCq-z\?n9&*.>\w\=3#X̏P\!kls\p_G\%$paC%a\\>MH\\\\+\u\M&a\:V<v&Rfב#9\^\VP \ØQ?\\!\Ոhl\f\3C>@R	\\n.(>\Zrg7\rhֲ\\f\\D\d;\3ܬf4\3\OO\^P\\	~\ʅ\a\n\0[8#L\jd\>!1mޝy\M;#aiFnRa\"\z\\x\Ò\w#\@UǸ\\\\\oOu\\}cth+A\\\\\_9W\p+\͹w\|\9yGPR\]Ǥس\R\4נA\1b\^MejB2#1(6C\e\\l]\cm4\(n\r{.t&\DB%c\rh\+p&;˅\ñ(\\nAQ1PEǢE\Jc^\*b~\Z\0(X\GUP\\	om\\\0\l:܅\0\vl\Ƶ<%ٴ[7@<T\I\\`n\Љ{\HJ\\/?\g\uXe7vm<\r3$1qٔ)f߆,2FMAoFىbx`شKژA\\=\Eqm܂@lT6ae\\\\@of^m\3i0x\z8\\7W\\\\ɣ1:9հ^n\:\@D\%M|Eye\g|=$D_72IȃD<v&r#\"G:H\:HoW;\닉\\n^^\ZPf\\\ӳ#p{w5\#3)\͂!%8~ބ_N\Amj߸xȭ9`\\"q\R|	\\\O=_L|\Q\ZCGF\\'P\\an){0tǟēO2y\q<\둢!T\\2\1\qH	iF\O+\Ȩ3`\\\e@\8\ɢU[Xh\nqWc5x\\\G\'\t<\#(GxqҲx^$Z,\%\F\\b\\\\oǦhL\@x\u@cu=# 盋~t\'Y^u\'\uPG\iCa7YP\؀Vf̗̨	4.\+\DV3f\WW&k\-Avy\0q8BrZ\\fXC&u\\\px\Z@\r\Ǿ\n\y=s#ժ\a\l6I)qH\Z>Q\1*գd\Cxd\n\\\T\n\V{Aǎe?a\,d\P\\Z\r-0M\y\\.\=w\\\\\I\?[kP\\"~­HjډҊ*\j}#;\\\Ky\\in<e@.KL\h&\n\n\n7a\`/*mܨXٿ\\،f~~HP	\"\[0\n\\"\\n3:7x%r_\ǌV?\"\\f\\_y\0ؾ6W\\8R\丕\\W\!7b\%\A&\rS\14\\.gȰ	\+Dw^\	W?\\07&a͛KT\~3\bKϿm_*B_*FH%=\:؍dzl׫0lDs\j\'\\\nF9l<nT4A֣MaW\무{}F \ZB-\b^\J,0\\c\;,\o~\rz}j>Fy\/E~a\\Hf\|9\\0G4,|;v<$1Pb\܆bNAH\`t\y\\\\CW_ch6[%e>HY-\[|Kg}/>5\&$6o؅ZXL>f\8\\>~&C4\\\ܨ3\\!q7NV\\\hXe\\9;<\\Z\r1\\\\&\\\\f1CWCkd\k\F\0v\a\!\5\\\Z8\\\\\8\\p\76\Zàq;4\Ntʜ\r۩\ɥ\JF\P\\O0g\<Xp\\\u\ِ1\Z\\%kw`\\q\0Z\\&u4Yݘ\,Es2]\Y\'Ama \-5\ng0\JT2\\0pwA\\+;\\rR3Y\Z0m\|:^of:X\Pwu\\,&a\\\Z@\\c\l6NOƁ;\:\\nPk{$,kE\n\*\+Gia+(P\Zsn-=zm&XXܤC\"1B/\\;c\oB<ss0\\hmm\]~N\x?q\X\3x~\m۶\Ϸ\dBSm\rJ2O\!`f\4ωz\zo\B-x\\Z\E\:]$on\nWb\/c\\G\\\\9Nh\Q.c&L;r[!7\\\?`_d\>9Uv=\q]j:7N/|_p\qoR\\\x\oq\_g\\*ރ/টg\nCSv5\\B\e\\w={=fNG\\=XЛ|n\_\Ǖ?\_\'ga/#<mKA\Q\Z}S#z\j\'\L@xU?\\m/\\c!,\=)\\;xy墎R^ԀE0*\+̸3\\̸\J2<ٹ4G\nI\UuJ`|ӹ\b\\\	e\,\Ý\N:=ԋŭRtL0=7f[3\S]͕,i\:`<YZ\yB\"eitWkBʮ\\&*xR\_\!\\/c\0t\ôOXUBA\^\tZXfO\rWDh\\M\Qԩ;y\\\g,_\驤\B\\\ˑۦ!9_CO@ bSG`\5syb\Y2Y9\_3\]q\\4ɀcq\U>8t\0\6g鶿≏w@c\\?\\왷c\\c3\g<q5=3A\9$w\g9*20a#&d\1\"\O(R-n\ZK_\rn1<\">,DE*\ҙ\\Ll;Z\}\>\[x\\=U\\X\\\\\X_$WWf\\oŗK\\C\za\K{\t Q\\2̻\\nLD\\\\3\@@F+PXUۓ\DOu\ASDF>|X\𜁉T\\B#7c|\d\&I\h7\\'9rG\ioθTuP؋Q^9\Ϗ(**H>\\r6d\p\Z^~\}\l\\PðP\Z\n/R\nJ_DE\7#bHb8\"\\\폘!\\\1<%Cb!w#1jt*S04e(FA\\d:$e\F\Դh\rVS\F8\aP&಩\Hc\f\R61\=4	\q\H1\Z#\O\\\C0vd$\"=\[|>~rw\\XD8\3uFQ®7r$P\\0f\DL9\}Rx\Zފ\\D0݇\@\nkDxC!\\\3Ƀ!U^7^aݑ\]t\\\E?W~\\rs1\CnU^9\Ϗpe\\r\S\\/\k\\0\\p8Zq8p\\p8>Dzz:\nmG\n\s8\\lٲ_~\\\\\?㩧\|\\8\\2555(..vMR\\z07l\)S`Ȑ!\V&\\\Z\4it\nKhi,WgTMA1M\1w\\\>)\g\'\Ξ=6\\\\\n{1\+g\? 77III\\l\:hŌ& ;;8\\0q\\\\6\'ODmm-\\UhRlYYn\&^^\rJR]]m\\Gs\2W\AbW\9X\n/C\e\p\s\g\r\/qqq6\\\\Q^9\\͏+VzBB\͛\'\dW*\\˅\\\\'7j\(L6MXJP\\hii\=W!]s\5ꁎP^IXͨyzqy\Ē\\\ޱ~)_ӧ\r뮻\\\7\g\\:(\\(c\\\\ŋ#Q~\\{\znV̘1C\\'cDd\|\JN#.[y\jW|z\< \Z|z\\\*--u:!Rd\\\\'<+d\Po\5kB^tP!Ne\|\\\]v\9D(1>:\\Lք	ޑ9;]\\yn\\]~8J_wA\{UUk+mvDCk(OCCC1r\H:T腧{\蚚\\rzN\ס\+t\w\p\b\n{!˫\/عs5\@\,\_z^ƌ#w\"TXoݺUT)q\t\G\1D΢\\;\Ren#q\2z\3\G:\\\\\:;d\R9:;\+BnTww쥻p\򃖝$?z&\\\\=::\Z\'Nz2\\\<Q\*;\)\\)|ؾ_\uz\<@<\\;:.tyk\.7t\\\\{ɰ9s\i\rR+B:(]T\\\\#\\'^\#鰏O\>}=\pdPu\\\z\\NQaÆ\rB\ww\\\g1b\ȣ\0\+L%㊾8z>\@\+\\&\\\zڠ0]zZ;\nV\`k\}\\q1z8\C	oW\\N1ǎ\O?\\ӅG111\3bW4A\\MA?p\+\!Vvs\Z-v8\yyPE\\p8\ŀz\\?\W^\^+;\;,\\+Ҡ73ý\n\n\PTI\ÌzEC-!Υ5⪰\\'\gW\;{d\y\W\'Q\\%-Cx\\n+I\O\\\\P<\rϡUmhx\1;,\K\Ҹz\\	nR\lF3\skj`<(z\r̐O&\;wd\Y\g\oz\FlܸI5o\\XM\!|n^WA#\nf)\n\\\'\'R\6\E\r\qzؙjh	W kD\\\k~\G_-ca(,b\@z3\\:8DS\m1\n3\\*3wB\bfy\r\\넸wbǞ\"X\\O\6\jԠ\\tw#ZR0}\0	jd\e?\OJQS?\wb7C=3*+<\n7c]/\cH\1|Rl\\Aa/dyEF<\\]Ϗ[87u8qB0\;Ol%Z&\Q4\\\\SXSN	\\"\IB\Ԅ2Vn*\\\K9\b{\ʵpkJ\nCR	?L\w6IP\\(k\\\ <\jTWv\~렳\aҔ\Ъ8_Z#s3B_{?܇\Fh6t\®#\(	gܫJvb\\8x\r̿\l:;܄MґI\ly\(Vޏ;\\:}%*rbŪT\L0ٜ\\w\ZO䣄\./Di\^_eMhN\è-o\k\LF\n>DC\vڱ+\o\\U\'P%\F\NgV\GS̈p~*k,CƩ+\p8\r\\w\O:U\Mz\i)O\xt؁U\ЀbfpdF@5:\oGː\B\j8\5Π\\\V\աZ`b-Z1X#\닶\dlc_:+(뚛\P3p\\\o7_}o^B\\#غJWZR\既N\r\ey9\\\Fvv>\nKj\ĢjjԨ*/EU)K);O͌hzݠ\km\piDyqJ\\\l\]Tv`sP\\?%\)@iu3\f=\~P\Cq%	ƪ8!AAbqk-9\%\'\\"W>7^\r\ql\2o\k\\{\j`z7ޠp6ycf\x=&PZ4%\gE݌6P\_:\\,\%BKt|#⒐64L\jw!斢\{1\\\x$ϲx\\Zz4	\\*\nKU\dp8\\Ҕ>u걧y\<\g\\Z\ZQFa}=jc\75̨7g\:T:E\\TN\X]b\\b9TO5\a~\myd\<]G\C3P\$\Ne7)v\#T5\Z\\͵YMLw]rNu[X2V[:*e,\Unf\\Ԩ+bu){	\:^pΝe\g`>qqаc\@mf\HN*4>\\ZUV\\he\\&bb	Ս\t<)|q:n(\Nd\\\tS<9{:f!-\:\\{XU\nN\\cxQkG\y;Kir<\*d6\ \m^\\\{K\w\\[\p\\\\\0\\'\AvmԻ.e\\\(\\n;Z\J(\#0~%̠\/iHc\\\1\n\noE\N\Ͱsq,jD\n6\'8\mjs\'\z+\M\Lf\Ғ\BZ*HY:\\ˌ\	\r\;\r\?(1tqk\Tz-s=\\톾s\Ű7\6#\Z\\\.4y6\U]A>j48QR5\r\\c\\"\kXVόzZS4\O/:E\e\ٸ\\8V\\\ V\5g.Ɠ/\fV;s]Er\yb)XU*sNeO39\iw\\\\z7fO\q\\\\o:\\CߜUO\\m7Vc;\\i>\^\i\\Xu\)sǍ\ЋO\q\cgB\04\ԑ#\ZG\\Cbbd:a\b,l3aq\kkіh\;\\Qavˍ\n_s4\P1\\\o\\\_3\֯\\\\/\EZ\ \\\V\\s\)\;Z֒\\MB/p%m֚\G\\ye\n\\},|`$1J\\g\]\߯E ۳w\\eEwcot-R\1j֠UH?aAT)!aEY3\kC\\(L:\n2e9\^\\A*\A\\`bgfd\jt\\\p\?ۧM\L&\H\<?XӹҞ}}\,-\r08̓BaQ9\\Z\֔#~\\\O\\*3\zM9#ukz\nY{\,]\\Z\l/h2qnѢ\\\3Tu\\\j߾}\U\Q;\nO\_\\A\8cч\BH\n\r\\r:ZTb3ٳGy(C\r_\5˱?\+\\\|Xz\b{g\n\H\,Xm\zz\\1\xmr,zj\5\=\\\\Z\\˞8+-|\_߇Q\Pvqm-\q\x6c6\{۹\\\\\g!C\\-A\꣊tl׌G|4ǝ\zz5;o\\ǻ\Ǖ\x\0Y5r\\m{zJY\˫\:\=\ip=;pCI\\=G\\$\&MM;\.\];O6tg\̿ӞZY:cm99\`s\\nGCG`\\\\xB\'LÌ\\3`2\݃\"-*gaѻ@FyA\ȑ\"ϐa\c+	\1\0uHb=+\A|\\c1\\V)Е;\۱<W\\UX\ro3\	[\0W\M\=v֮Y4<;9G\Zs\Hk\\D\"@jP)\2\\\\\+Gx\Tl\%ǔ3\ZkBՑ2T\ l\D~\wgޫ\їa\\xä1c\\<&\й:zFLa*F\rL\W\Zu\{BE\uZ|\Rp\w\0nǖǰ\C(\\4:s+v+\B\@}~:v~:؊\ܣ\ط\S(ahT\\!,m\n4e\'\0Cf\\F!9<c=bi\[\\ڑÙ\\j:.ty\',CH\رcp\^D.{UZZ*K\yR,\r-\(*\\\nVX\=/\\\@CV,\fV\\^m\r\rzN\\'\0fw{!25\r\Λa\Qu6ׯ\7\\?\t,+\\\oeQTF+4FN-\[-ǚu?q<҄dͧX\	m\?\\1C\\Ⱥj\YTTV_\-B 7bL<i!\w?b\X;}w,q\Tfl{;Ғc8r`ӳ	\׭ga739\x\\Z\OK,\'¦u\'1z \\\\\'\\\\%h\m\ZF$\r \hDʡR\c)Gd\\Pyx\rV\fb0$>\0O\Ui\5Tl0n{Jgi\n\\\|Ab\٠\j %$\]H\\0\3\\"I#Gr.:{^G_`{46-̰70c^V\\V%\"5\\ \>.kT\qj\"\\#\Ό\\F\Z07֣S\\"\/\ZOeH@*£bHs0%\\!@\U! ~ASx\Z\@fl)\\\\rR4ҵ*)Z<0S)Zo\\a\p@:\NI@e+kw\q\\,@vm\\\"T\\ފZokCV\	g`o\ZFs\\{UQ\S\'b0\S\&iL\^N<g\#w\Yg\\[i9\\nN֦zԖf\\,\큙W\"1\-\HTAL$Lt\Ј\F4\`TI)&\\yBgr&\j/e65	ɬm\\\~8KYǅ,HP&!wG\I~G\3\K:(#h\\Vv\w+\LԬi6`aHcS=؃%痍\N\˪AUE\n}\'q\5\rMh\\Z`\4\=T\:\\|w\ZZc\:f\\0\\^6+K{3\Z\\\,\C\\-f_1J\Z0\i\nAc]-\\\P[[\5\[GZ\}\~l\\Z۷ĲGQ3`֙\Z?ԙq\uR\m+!(~v3\\\\ֺ:\.Ch\x	%P3zE\|@\\@*K.P^9.1)taJ%crx`ě\\ e-\Pb|DhDt:8cR\B|\<\ҥ\F\\\\\I\\\\cJ\%f\0B+\rώ=}\e>	H\0\|HL\Kx\\\Ha폈=䒂\\\\!IǱ\bJ2wf3\ZQ%u;\źcG+nV\&ޫ/>\'/݋\\[\T\\b,\bYHi=Bd\YC*\\&\P\rԑ7\>\σ0A]\\*T\rBn!%\a\hYh\y/}b-xz\.\Z\k#ZÌ{!3Xs\\	U*\2\\*FSy1j<a	e\9\\\\802.ͥ\\\rh\Z[\\:7V\UWcV\S+\J#q\\`\\\\\ǥ(>]{K\Y݅w\1V\w\\+Gc\Տ\٧\\19ɀe돡Yo:]YXC]\\\dg\莃8r\0S \]vFo\\ǃ/P]\[\QTلz+\<>\\z\yHaqWʋq4\\"\\B_*^}e,\x\-\i\w99 \H\rf\\\7f[\@\Cmi@kh\a!wTx)Qq$Mf\=g@2zz\<U*ą\\x$o3ǆ!	K	\K\\Z\0犪%!\>Ɗ\Z\Z=EKf	*Lh)\GA\QdߎGwM@^҃\좡\\Q?nG\\4H\MJs\`\\¶=p\o\yCpb\S\H{2~CněV\gK&3gk\0ph\~IH\ҥ8cl\]Ӄ\\\\\\jy\{X3\Yɞ\\}\rM\\Zwb)%5LPq\0ǲ\h\̠Q!ԟF\s8΅C\\8f\OeLh\l\\'Y_TaZߞ\EW\q1c(}\uG\z\nƬ3\hl\\\\rTP-X}ٰe\?\r\\\\\|z6]/߼~3X\Y\#\:s|\\󷵨M\CFwv9^\xR\Iӑ\ر)\\rMWSI\\;\A\`\0-ػ\8Wh)A-3\Ibd;F\PC\@\͇\W1\zufGa\,)	ёaF>pi\\D\\X<\5y.<v8^\\Zp2\\'1N{\\\w_\\y뫂1ei&\Ǧ\Yt\<\I\"nC!)\\n\\Z	\p\'{>\aNDPx&\rFlLd\ĉR\Z:.N<&>\'\p\WxS/7v?\_\&<G,\\%N\2#c,-&J\\rҠ U87{\\\Z\\Ѹ\"w?\Z\njQ\E\=\\,3´\\\6kH\so)\:7|A\\p.,\_\Ѐ\0LzMF-3\u\հ;F#_\Σb\ZVR\lգ\Fcb^qz&	\~w\o\Ǯ4vtF{\\o\\xs\\nX^d\Z\=dw\Z\\h\Ӥ?\\\Y+\\$żsǯ\q\ܽ]\\үm#b\\\\]V_H\n(UPQ\"\n*R\z\\"\aV\+Vj$E@壂\0Va\\rW\ꙿ\߿?\gb\J\8\\=\N\I\\\</>\voa6\n79\'!2\vqdt!\`P\?2\n^*?\NB\"M\LIEJ\P\Z o툏R%<1xHE\"2~qLg21iq\$2\a|Cb\Z Ox(ۑ/_/\\0\0\d!\1|h\"\މ3\n<\\:*LXƍ\\3\n)\\\'nrw+1ɈRa\۵\\017\(DD\'`\\x\nŋE $lP4S\ƴHOU\"\\JVY7i\r\\0(g\ROD{30	\H;~\NhaTD}E16JOIH)W\FZJ$B\h\܄l`+1qD4B\w\[:(\,JJJ\g%&\\_G\\;/\\!\\\hXq<\!gƳ:\\tHAdpp\\ҳF[M7\13<J*.\\p\ۯ\`j*y)h<K4b$fz­:C\\aMBM^Vl(\O\\\\Ɉ0?\n\.IQ!W	XTo\\>y\B|q\J̚=\̐\\\へlZ\nkPw\0\71\4\X߸v,	O/X\^	owm\"M\i(\]5a\\ŤXK~Te`C]\g\r%w\Pqbֿ¯Sà(؎\r\2\.̝)#1&\~2\\n\5S\k\Gzz*<;Y*\\\\\;\\\\\Հ5\Γ\79\"y\CC:y\\QHNq\'\nL7i,7o3\Z\\p\\\\QÑ6\2\1NM\\\q.\\ngFz8Y\Zd2v^`i!\A\\LLǘH\Θ`\vT8	K<\nwWᏐpA\z@\\\Ӓ\\\Z>g\+,↦bdJtiO(C0&9l\IZ\'`|\Z3ɘHrv22C\BௐC\扠2\\(BUP\\ՎƱF]Ɨ?3\\\j߄f\hfۢ\7\\n\\rK7?\\Π\'.N+VA(ca3>7T\84\nz\u()+É\\c\\GP2\\'\\Pw4M\ڰ25\۔h\rJv\"kE\L\<c\j\r}\\lD\\rzY6\\ֈ|\8\\\\(\֐HT\PZTib\rvIhӕ!7\8NeD%\e=1\\\Z{\ը*\Gvz>N\顊d\r\')|<Za\\ءhlD~\Id\\\\H?\\y7`\f\@vm><n\"NfH<t\rغî0IOp\}Q\\Յz8\'ߏ[B\`\߇\@s#F\p۝\1:>ص8\<A_T*$cFJ\n\bbb\\r? \Oy\0\\\Ř\n7\ɞ\\>n܃niA\EXd#NՔᚄ=Xx\\;QꞂQ~!,\[\᭔#y07GFG-E)7\Q\\ܴ\8?aJF㲨`x^\Z6\\*\O\A]\Xca_\cmI@dH:]HaB,;\?\[\aG[\i\y۸B_pgX}܌\&aj!HkR\0іE\$\\\Vftm\aQ\\2]wq8#aֽ0̌50\\C-a\\\S4Z׾UD\.\\s\\z?9\b4deŦT\\n\sk\\3o0 gL*\>\7\g\\:.tyk\.l۶M\C	\\\\\K:\\m.\Ci\\KtmfMm\\\en˲6\&L\ YR\e:,&|q[\j`\̋yKX\\<p,̍,=\\\Y\ᄴ\\\t\\6\/\`YV\\k\	\/u6Kp}\BVeA\\t\FK\\V\C\\%t\V\\nn\ƞy]\'\+Kp\\;DYr!t\\,_!\\l\\RQݽ1\\p8\Z2|Eq\n\n9\\r^S\\Je\dQwV\\d\nURܙ-s?=T\w+kۍe3VIun\	\v:8U*[\k/Jf0Sس\5\\\y\-\\\\\O\S)=oK;K\\.\\ϙѳ{(e\bA\w\9wA\\p8\\cߟ.{ ~cgB\u:0Z\ts\AB\y\F\\=z\\\.O6\p.4\؄a<k\gۑ\\Lq*..&\dQF	P:/ޫ\|\Ʌ󥃞!\դX\\\rҪsq\\u&uH\jp$:Rd@\i4\quOOuB\"Yx\I;|Ν;\Y\1f\zW\\\n!\+\ZCs\Na\\_\pF_ұg\aܮc\9W1eee7oހ(K^^\Q\\\Oa\I]-\֙\ĊKk\\M\b9}Ѡ\\\\~N{\pƥ\^\خzpF_ұ}M\p\\A{\Wuun\r\\\GDđ_W\"\\\\?\\Dđ_W\"\\ϑ8\JD9G~]#?G\"\\ϑ\\\ߑ8\JDh\}\\'T4\QXG~]#?G\"\ȯ+q\\HD9{;G~]#?G\"\ȯ+q\\HD\s>\:?{]#Dđ#q\ו8s$\"=#Dđ#X\\eh\Dll,\\\m\p8\\\\=\\p8ӏ\=\\p8ӏ\=\\p8ӏ\=\\2W\\%K+p8s>=-3U\\\\J\za~\9\477\\\\\p8\yg@\Z.ŵ(V\Ѐ\jZ\v\\-)Cf~tc\+܍\Kd\<8\\p81\z+\llĩ:\\\ѤR\hUjjaF}\bFSY.\nru\VFmv̒%Gn[l\\crW|\^\EMi)\!\'\f+*[Q\\0\T߀ҢJTe\T\\NRPل&\a\p8uPL&h40\B\\p.=Ao`\|3\1#6$9\n??a|Q\uZ5}f\Z\\Ζ\}\m\\=q\o\^ջ	;I\ϸNH̼]lm\\\\\Q-\c\JÔg_;\-,Ǫ-8ӗг:?8\\+5ùh4\Z9O|77\l|*0\j5J%\r͵{z Ûb\Ea\ܹgm\녡5\`WFD@\\-;\\V\ղ®\03BB044Ղ\ܣh6BӘÙ\g\\,\z\?шP+q_\Z\!\ns뒖\ط|l9n\\"f\#)\	\\rMq\1at4^{\=~CN\?<+B\0e\j|M!\➇؃Nݍu+\;\aI\nBL\\ZXp!fϞk\\KUǅ.v\څ;v\\\?q\\9^\ٳ?\\l\:L\\\\H	\nBlp0|\3\75\tf۶m(++\M7\4 \W\:$5/%\\\Rئ&R(6v\\\h4B&u$n\_|\Р\`\z\j4	\rifz[Qߘdfl]\FE	۲wаُ/\\\\ OxCX6,^?%;\bg\z)<5K\Hnӭ\ L>\\"=QK\'j\\GKG\Q\Z\}\\".ǆu\rrjca1+\l\\vCHm<\bN\;v\"4%\0\ł\Լp2\r3\\r\Z6\\\\\n{!\+2\o\.>`=Ϗ[8/\g\z\i\2\\X|HWVHd5\\ieo\<~\n[H\NG\~1\3:i\\\\\	3\\B̰\0\\\\0*p\1T\'\\\\}\\\3\FM9,\5H0\=\43U&\\r?pXpFC=Mֿ\[DYB]%\" 	E@R\\ߑ\^\4\\\.\լy2\\\,t#a[dpѧIWh,ǁ\w#\n\En\alؒ:#\Z际(ե\;\r3QXZo\Ϯ	/\O\@N=j+Qo-V\=e(,\\\(dqG\jSj:\\/]Z4\m^ʅ~?ɥ\BW$dH$F#G\Wu\\Ù%\T>T3\y@XZܣP͎\5\Zd\~+kfu5\0X9\ը\l\ڈ\=:\\έGqD%\î3Ndb\c(fjI \hnуņ\W\"(V9jI\}^v\}6B_\l\\}$%̀oA\ڈ\s\\R\Z[4\+;S hhl\lK\\\ZHeɅ\\\+ך\H-)AZ&jUhZvldRen.\[ x*]8\.G=\g3\V\\\\Z=\\@m_t\nҔq+}.߼ \\t\p\\o1r\x\q\1Hz\5\\ұ{o	kԢ!q\O|\\\ZC?oC\\0ך#6BGap<\+T \>ʒ\\pz	\uu¢\\`N\\2[Y\'C7v\Ԡԑ\Q\yF\=bu\¯Yɫ0~_o.\	\\̴I>JX=j멬\n5E\\/FI矲?S9\Z`\"Ñr\x\t\n\"\$\\T\\\\WY\\ƨ\(\HG&Jj[QSASMԭ(8\\FUQU\zeZ\t+JJPSή\+m\j\475\PVR\l\.GmF\\JY\9\\Y\}}}6:}Wݪ\8(gcʖ|4\\\ӟx\s\@pǔ\3R\\'pc7\ۓ¹tP\\Ie\z\\è\頶X]?1J%\"O\'\,+hP㵋\53p\qw\}x\p\"b&\\UY!Tx\\qz#f\?\؝֪n\i0s( U#b=UcV}\Z;\2\Q,?|\\P\T܌\\\\p8M}s3\\/1f5M8m\\FO\ⓊQ\܋W߻\?\\'Va\+b\_܊\\Xu\\n\`\\\K\;3w\W\\_\W>OӛP\M8\?WNd;o\x\}\03\)Dv~O<ڑqxh\]v\x̞_Y^ٍW\\qzI\a\r\b\\\~\.\\\\\Z-\+\2ͫV3O5ӧ\\Ci\	_\n\f\\'	眾/N\\\>\>S\\Pq,\\\fX\98ٛpp.%AOh\"Mhf)/~EEHAdHB\\\\v|\\;\	\*\\'Flܴ<\g& W:\<\WXFa?o\\[Ži&b\ a\\n9!D*uOYstC&e\4ʈ	}M82ãe6\\>*>\XijB33\;yfkZZ`*(WI	<=a5\Z\\7OoU\nMmCƵ/du\_L޽	\XܽT\0~\xw`xi\`^]=\?\\\\PP\\\\mSb\ym?\\Gp4	>Yq\Z?\kKW{oI\\\	\{?\_+=a4ZN\il2nV㟠<n\\\x\\1\\\W?\e\{\X_Yҿ\	(ZV;bp\^Lo\\\w\\Ԏ\\L:\ƍ\\\(,Jd\r\R\ݯ\sĕ\}\\8Ѭ;c\\0\\`@d\*\r2\=\U*VW#C\\\0&d+\0[ܒ\h=SÄ\\	SYEܬ&4f\\\!b\IL\	-H@>\\e#f\ZrN4\PaRj\"\/\Z\	\L\\4Q\\p8}B\ \(h@UM\C+}B\"Ci|=OuczPpJ\̌b<\\,e/\cEn9YؐXB|\H3\\hEѾ¯	w#)T2\U\nE\\I0	r\M3q\\1T#sZl6n\\\'Px,5\\]s\hL^G 5&\0Q$0	º_M\S<j\"&]>\ZR\\/ic\4ǎ\\\\'\r[\]SQ;\z\nO~6\G;ML\N٤D]]-6bL7bǏET\\\h@p\P#|Ϲ7u\,\\7)\.\\]z(\n`__LX\P;1O-\\\8\2,jl\\`\<\\ZΜ\!o\t:+Ű\~E\ӑ[>k\{\`=d5\K\\̲1\	G\\r2bݲ#(\\h\\\z5R\\\+78\O/ў̘\Zfěkk\@c\[[a,*_e%\\\0\yE\K\IZ\r wX6ى\\G\r	0Li\\퇟\p.r+XV-k`(\\\\W,\\\c\'A\c\\Pd-ހ9(f\i0\\\\r\H\7~A\\*	H	D\sA\<;\r\mNE\+MJ	z_\\c\\Ω5A~\\gIM\s`OE\r~9̓h)\Saf\fV+\\Y\w\]xhn*3:\Z9Π\'\P\A~~Q`}+\5\*(\[\͉N\>/_&oGքPoq\*_/\\\ƞ/la_r75A\IǕ\\\\n\0\M\\Fc\Z+\\<#-]Ϟq\"*\n\\\"\\0/\I\nf͟\7G,#\nȼ\p{7\\\1\\\ieF\nx\\\"\\\Σ6\\7TxjG$\\\Ƕ\a\ \yk,\k|\\\d\\`F/2SgՌ_σr\\\OƗ\<9C=\\"mO.3ZIF\M\\\\g\ㅽ\\(*4	\eZf\#k\r`4iǬӱƁ\3Y\3)\\\?>b\qr\\j\k\\s\S8%PV߽6\\qnسjk\0\\\p\\a@\Zh\\:\TPOE=4qe\|\\rHS~xk\vl=tHM,\H\\Ǧ\RDa쬈\G?`v\vZ7*>uM\\ryK\MIDjFZJM\Z\c&\\ۧOd\\G\/\n\=\\tq8O!\o~~Y\\\\\0$	_v`	\"\\:\ѯx\,\\D\7t\xV	(X%Py9%(!PX\F\\o;2)\\>ѳd0z\\'\S1>\2ka:\n2!y\j5\=ؚ%>-,Y%`i\Vu}qf{\!\\{`>\	m\~?x\\TS4\\\\n+\\󒑱\\0\rg~]\p1`\rz*\\[h⊔\\0팠\\\7\\\%3I<\\a\'K!\і\XyŰJ\\wA\K:\H!+\\*:\rc\HK\;\\!\\\\!]sv=2V!3wJ+\z\\\ѣb\\37\pz2\iljt4MMEbl,\"\Å6T\3h)@\WȜ٘-K\-\ K\UH`TwL^\s\\+t2\<,\\SKP\i\\\\|\\)\v\a\\\(\nf)o\Ng!f{\z%dz\}s9\U\So\,\'?ߍ\-\F}\\_G_[V\bGY\\\0T[\\Q\'\4W_\3mi)<Itw}>Z\~۲Q\:p\D%|lB\1-5.J\rh\΢?+/I\\\?/3Q[\\􃖵\\'\\\Aai9HZ)\nW\\d2	\u\\aX\Z\\E\\9\\\n{!\+2\}}}\\\\\53\"ag\Ç\\\Ά:h8;\\\S\nM\}\܉%aHJ&0沉<k\"`Yb6{`h(\"\?#\'L\Qc1q\ $\\]\_?wD\rBt\5q	)HeaG]6\r#\"\\\GB?hh1E\nv\	\\Hc\'aʨ$	EpP Cx!,-Ӑ\0B\\eX8\'E/(\:916\0~JO	C7/L7eU\\C\\N҇]wH?,C(M#0\"%C:]\\\gb\`xs\\pW\":<\&#\K\Ds\0v_\R\\\:Haذa1:	t.\\\\@(K^^\0ã}a\nMmllzNOuPB\0ĊH\\s\\n\\.\\\ZIII6\\\\\n{1\+g\\;w\Duu5\ϟos\p~=۶mCEEn\^^\J\d\g\RlPx2\3-\ (^<t~\7ܠ\iD~֬YHHHvOoθTuPQ^9\Ϗسg\\\A\\UȠ/++üyxyՃ0\`0Q]\\\z\v\!\ZJs\\\=\\">\]wm\\\3.Ur\]AWee%7\9\\\~\rQG)\\\׿He\\E\\3|!ޏ\B`G.YD({\\\5\\\\iA\\p8\\f\\\\\p8\|ҧ\P\4\Z\ N\\\\\x?q\\\ծ]O\4ꡇ:\ǅ?їt8p@hN0\\\z\\\,\\\iܠ\p\ܠ\[:Ai\GW999\\\uy\\\٣]\\\DY\˫\:A\\A߷tp\ΏxȠ/,,֖\pzꝧ1AﺎR^?\\p8},ǅKo	g\\\rz\\p8\\rz\\p83\rz\\nN^/1J\\p8\@b\ZVfj\}\\\U&6p8\\p8	F\\%hfZf\\\rkTAF8\'s\Ea\ܹ]bf\4pǋa\nf܏D\nE\G\\+KA\\\E]s.\\Ay#ϺO\?_m\Kp\3\@)y\\ \UnfϞk\\KUǅ.h;v\\]TktpNW\MYYY+$&	AAc]\r\u6O\E	Jw}\\nNOOO1b@%/\uH`\SDhWKa\AdW\\h4\nK	\_tiЛ\fԵ z6Y@\0z4WWÓ;.:\Z7z53<&\q;2u.5>6_ɾ}\(i\\\S\ǎ\j\'\L@x{v\(\)\\C\zy*98#R\<\0\}\WKro`\6B1\NHy	\RH{@:0ؔPwKd\\hזŮ,i\\;w\{\囹S}\\aժS\\\Ӄ\z\\\}6GA3	ݽ\Zi[)J@bm\{xl\^\\ӈf}\7\\Ăsq\\]7\'<\3|_\y}M\FI2J\\\ի0Ol\q\۟^\\e\\ڋ`q!\\K\\ǰ\\z\TK>\s*Sj\¹7^\\¾m;Qw=~}\<\\=+@qq?v`F\HAiGyE\?bl͚5!=ct\1l?~\\N,L\+*\.0\+v-fX\ndx(\Z\f\B~Muh6W2g]jjj\*ǐO&0T\P!AO\ܹs\'ĳ\\U\r%\ʀB\`2R>X\r\`o)\ŉ7tt\EHH+#GE	wgs3\Z\z\\0[6cێch%a*\rNN%\8nXm.ς\c\\;8\fώV48\\E\/\'\d\.[x\\ױ\D3Z2q\:~\.8Zf:zT\\\\u]04ns+\\0[T\\\m(\)^\o>\KoXN\\}h\	\ϓ\b_\Z:\\l(\\ܳoU\8\rc:k˱s\.̼	W]褘8h޳>~l؂]q!\o\Q\\\.,\/XĢ\\gƂ\^#\h\H1\+\nTF⃥yl[,Ug\1XK6\\	Bz>q\LKAz|\ZU\#3>\ZX\Z;Yhdc\\\hkk\\B\\Dz\n0N\4\ZQ\с6!ԓ\\'Y8\ߔ)\d\qc	Q\d.åw?:߻\L\\Q]Հƪ2+?\h\\Bۉ\(?r5m&\jQ]YÇPr!۬893^Xxv\nt6RRR(j\Z\aD)\\\TtB\vՠeq\\"^Si\\W@m\0\n;\!\\}G\\,X\Z+p`\ף1g\Oc\/\ϧ:K\!%:qs\\^\Z\";k\PUw>J\/\\^!\͍G\/%\ݏ\~B\\'cR\T\\\[	\\#X*c9nX۫P\ԊNp;\\nBUC,4Z=QQ0\\?Z^\\zVQ@y\KIPiӋ|h{(O\r\\"R\\(\(\5BX\\n(̒m:Zۋ\C\\nVi\Q}\ɏ9E@\Sm O\\.װ=3P`U\\E_P\+\E\\x՘u\/kh7G8\\_{\~v\yX|n\o\^\c/s\l\\޴[7\Z\}_im\Xv\w\/̽\A\M}\"I)}\7{9!K}p3֞%vh/\N\8QB*+\<D:ہ#bq\\\Ê%\\kcc0{_\\xr>j454\\0+_$\D{\~Tn<z%V\>\g`\a\)hlo\v\aFC\n\J0k\\\31c\,̚VIq\!ieCJJDX7s\4LJ\з5RȃLOidYY%iH\\\"m\tE#Zʐ)\'\ťf\K`{\nSrd\~R#LLC\S\\\\Psm۶a\ݲD=\L;fz^n7++az\BG,[x\w\\0N$	QK\NRk˸\p^ \kq\av[\=э\{\\~5,t5`\\Z$</\ŧ{Cd\\!㪟\x\r\>\wx\\x\}8^\\+n</K+`FZf\\[\cu\ /7j5}\@\\\bw\\ı\r_>CW\'\w㽢t\+A{ێ\!#K\h\\\BVCY\\\kƟ\\"\\P\\j|05\ZuoS\_|N0ހO6OjV\\h>9y;\}[\ׅĚ\'\\0\\/\\ZZa\aFjJaofY\\0	5P*\{\Ӆ\c\\l\\8\b26i$*4W;\\4R+\e\\\M\юr>z\\Z\\Ґ]-uh4kK\B\;%!		\nxmj!6.\Z:\\pȣ_,\\}J>rP[zm>#\Gq\\nkj\I\S-޽{q\ĉ+)Ʉ\\!\\@ME:`7ż(/GX+^\"P[\d\\Xy\\r!XɈ\FC1\rsΟ\\\$Ggt\l.2}(zL\B\NӃ\>\{/\xmُ;Y\\Bɥ\aנUkO\\\A\\Xv\Z\8wjR\\\&x*PI\!bk\Ƌ9~\\\\`\Wc>՞$N=IȈ\:\\켬\\%:\\\\&?>\\\\Ż-\P^l\v9E!ǋؤ\e$\*\\헞\?~\\'\b˧\\ْ\\_Ɲ7\\\\\\s5\D+J\FR}3\ې\=\|\\Y\\\A\B3\B+\&\$\e\WFX^\k\u\`\\\l\\\\2\hch\\\8\\\'#E<c\"=\*<:\\ڌno4b\D!!9\nZ	0{\\m>6)\B\\\\!Ơ\m\nhbh \\N\A7j.Ee\sa\"	%\5\b\JH8\\\ V=R̫kk\Յ)\\LN^OR\O\̾Fַ@b,h}T\KTÐ <)9\N\%T\^Z\B]+L>-B@\Đ]\<,\\v{\ѭ_\9Vh[\ATV\ӣGkx~\1T\F݉Jb\\	Qo5:w\p\30)+N\niXY^060Bf%.Db}68\]\n8\Zp!W(\rz|uR\\l\\tua\\p\\zw\`\ʛpܯ\\o7\DKKd%}o\1xK\?an!i7FB\"PJ<i 	G\Z\[UQ\;Q(Ut\\ю.\nQ`p9\0v\\UA/J\(<)m\\{=fml=h\«A|J:233T!=\qB\\\\\Q\JJJgA\L;zF(hw\\A]S6\B>3-\diz4&|Q܃\<\\߾ScR@8\Sq\e&\~nt\bx<k\Bӡh8)\'~{\7뱻\8t7\&\b_r\%8\ڈ#G\d\/\nqnL\܅-\\P\\G<XDA\\p`\\\U1\V!j\]/\\{NCAWkAx\P* zy\\\I\\ߏo/\"~\Fx\\Ⅲ\Z!\sR<D\*\nsh\̀\u\\0\0L$\VrȦ9\"GVP@\t\Z\+*\+24t\⒝`U\hD\{Ž\%qZ-u\\\c7\\Z}kFC{7\jh\\.\$ZD\(-\:\\8TI\VbΜ96m\ZY\3K\Q_ ₟\сi6\.CBBtơ14:`\^8V;jvl\A#\\bBƅ\\\\W\Eyy=2gNT\\"#\n\fv\gU\\:\ƕb\Lx覇vsoNp\f뾇ago\4ᇱG<|i4\/e}%ei&.V\\0>h3\\\'A\\\q\0b\֊\\N8j`\L(\&ν͂\\:L\NG\0	u\\#k\\\v|^/\EiI񈉥0E7 .3I*\\\\\':yPy]\\Fl,\?\	U\8prΔ_^EqLŋ\\T1yFt3.WB\\<99rBL4u=\V|\3:CcPYpcx\o\\矇\S&Yn5ߟV<q㒬\(&\\vbu)b⒙zy2̜z/\agнEO=K^\V\\o{ql{31\߾܁=nE\܀o6\\\MD?/s\C\l*8s\\\\7\H|>22\\fs>nRdd\ٟ\77}\\\0w$\*\l\\O!+5\Q,\у:=\x\`r\\rfd]c2bR^\ĳMMJ> j \ήF\p蓑Z0\r3MEaQ>\r\zWt-\0ixW\\\4dg\ =\09q^\c\@ь%41阔\F{[;\Z:=P\eF\o? YB\Ҋ1m\E(L\܌MFXlUBΘ1K.\kHǐ!\0T?\\8E\Ai\EE\-\O=CAP/n\? id={\Ybe\\0\3\"m#/6:ZNuL۠b^`\+P8S\MC7No\sc\LϏÌ)i\FIy(\KNe@tR.&O\AvjJtϞ\\5w\.^fO\Y\"MJ4zv\\wrI\6\cX`\\?	\LD\j?SKQ\g[\C\n\n\' Z&04ɱ:UZ\ʌC\\jEagrx(Y\"ES䱗\\\9X2;\Sj\\:%\\Kɔ\",f!VJ%O@vN2bS&a\\i\\/\"݌W30;\'4\~_\\KN.	E(9\/\.¬h\u¡ݻ\\\q\nA\\3\n{e$\Tv4WԬ\r\y\\/`\c0ƒ9;ek\\=\"1M\\lui\j1\l\A\p\Ͱa\\p\v;atb\nB\\"[<\\\p9t6:,\DT\0w\\&;\V,f#b;MرXos8\t{]8Ɉ\tpqX	]W]\=BMk>o\\\ʚ\W6BxȻL3ۮ\\̜4-u\\\(	#\\\$\nO<V\\)\3qp\\\\'׽8\kp\2!\sNK\'l2ֽ&\y\t\05ZL&<\c\+dJ8\1jҎ\j\\شiw\w`\c0ƒ\Ǐ\IB];3#֝\~^Y\nz\LF	ғ!\-\A;\\\\3\<Â~Bb\(\}x:\f\\v\\n|\\<񷿽wwW\We\0Qܿ* \/\L4\;0#qFڠ\"AO^4=\rct\1l\,\=XO\YB׆BD\4L\Uv\\rJ\3G@(XD\\\\[mi\\\ڼ>5j\\b8\\H\6Fye\lܸQ{\7(c\c0ƒcǎ=36\ϟϒѰ1^W\\C)\0\4\A\'p\<A3\\gG̏qLcl\aB\ϫ\Hǘ\0\0\̘nrCfXNA_z\%\+##C\1\X\n\&_|\0$F\H1\ϫ3\\9犛\0g@Lg	?N\w,70\d\2t,\\PNfg\0\\\x<W$\O8!;02\HA\ZƵgA\rAz\p@3\\un4\Ze\#3\Z6X\G?\\\"AOaF\Zz\'\ \=\Ia\\"t;6X\G?\\*?z*kaѧ\\\ݘ@)$IQXh\x\\r~J0\0\\\\%GKSŁ\\\nnnn!Pzacx<nxvh=6\2\Q{lp9f\"aa\*\n:u[dS	<(\C<ШGy\tfT`A\0\0c<N\*kV>\pA\qB嶡07xf\"X,[5\'\4>7Ͳ1~Sj\>0D%uصk\f4:\\\Ґ\\\h3`wW2\\Z\r\^kXT֩S,=8SRR3\`D\rJ?\+=J%;E\\`?F1c\\KϤ\;w\"*>\r48\QBo#żׅ8{+\\\6`ڴi4%ęA\\\J!\\vww#&&&\\#j\\o`I\\!Ɛ$\X,JV-VD\s\\':\	˿0Dss\\\d	8rC\\\ٳ\?#RmPڳ\Zc hԋ\Z=z}܆$8T\*\38UG\C\\\؊\\ ))I\\Ux6(\xx^Ma+5\IMLCj1:(\VXLh\\Dcş*|X\G$\\>[V)\i&b]\Z{p\Z\y\ʱc\l=J}\tvvî\íKW*!\6/\Z=f\m\B\S\\\i\ك\\x̚9\\ɽ)y\n0pY:\\R	V\r6(\Zq\\	\"\`5P+P\\Z%׉:Qp\_PA\\\'C:P)*\[؉\iŶ[Z\[N9/\'%3sYvu}֋p*?\L\v\˳\\\ػw~~Sanaтj\͝\ĩ=H \\\ni\ZE\jz\&\r#6!@ݝHT;s\9礘g&&sb)M4	YUuMm3+e\\$q;\T*\J\#DNT\\)Ʉ\\'j?DmN\Ы)\~g7-@39\\Zh\\hi@mڔI8	]Fzz\\\&;\\mbR3rp\jHӷj\)P-}~~>\;X7ι~\\\\ZaG8e$\i[`ص{7Q1\\\noE\е\ז\\\f\"Θ!\\8&\q&m\U	zթ8W\'\ڻ\i\\":51Nt\W\\\"&\r4\6	\iH\YmR\Z\uИ\\\[\X$\\hEM\\B\+w\\"̰vY\\T#&5ѦF\aQ\ .>	*\\\GLb\nRwwC\rO*\\.\'n\2f	%\\G\-=v\$\'TGGsc\\h?8 \ЗkF\r`Aށ\A\_?=O\3\\1Ci\Fx6\8h\)}T\yH\\x\5Cttt\\kW3\\&xS+m:\eM\\(LR\\"~WY\2dֆœT\'h\t\\Wm@lt\n;lU8\dt\HJOER*\DlM-\4+&ٱ\hLv\\&:	QJێ\\۱7=V߆\؆&78\\p AO\,}\\\F^^&\B\9ccWڸq#bccq\ʿ`#\\	׆>,s\_\Z\TH\\ks8\\R\"\*5dQB%_\\\0ڽb{!f\\NxQKA\\h\\yhAenJ\\\\{\\ށ.Y\\\dd#=)Q\9P\ZQ\n\nQRR\"\\3gaMX􁄼\?ylYL#z\vػ\Qs\++吇\uj\\1JuBH;\Qg[(4SNyx=p\Z\T[uj\\'P\bmMk\#X\\ +>\!3|H\\\\I#\L>]\'O5$k?\0\03\\\\\譙\j\\qS;5*ĩVgnHIGB*cjԣ\\\d0JCF\nbZmU\0\\r:\ரYf2\\\f\ҥRȇٌaafpfvM\-\\܄\!cґ\mX\\ՎV\ZI4ub	[Zp69\"ʹ31S\%P\\\\I\iBWKz\FX O@Jb\\&o\\Lo_:}\Z\O\BVT\,-Ō\0$)\Z+z:;\\i\3j\I@Ԗk\a\L8A\qXa\nE[S=QU׀\\nMfx\mq\]貺eZs[j\\%s8a7w\Z-hi⾹\ruUE\\	mͨn@S[\\\en\t\\m\09\:a\\7\r\\\jACM=[\\ߞ\\~9\fqښ\\ \\\?Rf$69997aaf<X,rLڇ9\d2ɦ\n34.tB\;w\\\"\͇aF\PM\P\\\1lc4W[nŦM\\6w\u\\\?Ѳ`F\\V)\#eB\(/\n34PSJ|aY{\Z\b\& \i\"\\D\\1lc4W۶mw\Rг?F1\\`\rc0\P)\I(\\p\ؤq9Ý,a6\\hJO\'q7a\2tơ<\0\`D\rJ;ϫ\\\s\=!ǡg\c0\\`?\\li {З`냅\0օ\nfB\\y غP!@uB`\B\0\[,.X\KB`\B`K[,.Tl] غ`/\[,.Tl] غP!@uB`낅[,.Tl] غP!@uB`\B\0\l} غP!@uB`\B\0\[,.X\KB`\B\0\\0\0\0̘=\0\0Ìcƭx<8\0\03\Z(|\_@Mq=\r\$X\m?TkE\Ov]v83\Ypu6F\H1\ϫb\ސb\c0\\p8\1.\M\鋅SmwX`B\\*1p22X\\h\\\V\\\#G+]Q\,Xc\5҇\\ۧ[SŁØ\n.Nqz}\\2E\\\\rssd\03\\\_zQqR\m3\P<иY--=\0\0gq\)V\@\s@\u\\\r3v	A\Vz\\oaa3ɸ4K\9\,Fj|4TO3V\y\\\5Tca9(,BRƧfY6\\h4؁\r:#PX\q\v\\O\h\"6\r&]2|\nnʜ]>/\\=\Z\\s1\<B\S\H\6(h>8K{W_}5?\\?F1\G8?\q6C\t:\'L+\d111\<jĻ\?\\ǲ\\F?q\=vM\$ˣ\0g\\r\q\.T$r\"Rm󊆭\\pk֬	9l%\\?B`g\8\ݰ}űc\2Z\6$ޫP^fό<\wj\\u\V{\\ػS!/7SN\a\Ɛ\~^83\`?q\\\\\v\\n\Jb\\;uؠ:8p8.\f\]0\Z VB̘1\2\0Üy\u\r=Aih_}vtv@Njmf(\u\t\5zp\#--M~o\\\2l?~``1\S6ƽ@mL&l6>~df6H\[r\\8\mK5\Z6(mWm\Fuu56m\$_z\\\˓\(\j$l\MCDA	Qg@g~ -\\#\\`1a}H1\\cݺu\ի1ydǙG$\\#\\`mRaafÂaaa\1,\aafÂ>°Zx\\?\kaϞ=2\2\0\0\؆}A;h\zZZZ`4\Zehnn>Oi(-\0\03Q8N9\\P4;\\6Ý\nT9|\\4\\#MIOi\Z곩I\\ɑ\^\\zٲe\f?\j\"c\\r8X֬Yr\`0\R\Sf2\"\^l+\	w\ hg\=8\"Rm?\\@\:YP\\p`?\\\SZj\y\\b\\\LC?\Z\j4lc0F\\xGEPJ6\e\`{\9\\\'caJCi\[?\}c޼y\-\\?\g+G?1\ӂyIm\\kCC}\8\\'%33*\\0\0gu(--Ŝ9s0{l\\0EEE2\0\0\؆}A\.r\\{\Xr%.\\(?P8\sd<Jn[1aa\\aaa\1,\aFy9T\raiX\3Ì042w.gaF\0\03aA\0\0\0\\0\03QX,-\RƧfYN9\x\CAPSJ\,Zjc+\"\p\\r())ˡ`Yv\-[`ӦMŝw\)G8?\`(Nn[\jr\`\\\n\\\@\cf6|>\AV=\b\?=W_}U馛0ydǙG$\k֬	)\\|\Bd\"\\+t\\툏{ڠ]X,2:\pT\Gyy9֭[\'^zPA\8\s5A~\ƍR\\{\!=\`?[\0\0\0\0c\0\03aA\0\0\0\\0\03aA\\\\a\ܹ2\2\0\03`A\ddd`ժU2\2\0\03`A\0\0\0\\0#̼y\R\r?aa\,\aFꏒ\\̰gca\p:rءNSKi\\n3ܩp5\Z\r\\jc\\;Ʋ?μ?\"\\?\\`\\n\,=e&#\nw0(\VN9\4CA\Ά{pD\?***v\Z\oDqq\\\\sE?\`1\\n!c̌v8<\\\^\ڠVU\\IT\Gyy9֭[\'^\Z\'O\(\j4lڠǵ\baD9WaW\p6F\>/(pJ\fLcl[=={\\\s\=\'\㉉\р\(\>\\\#qƴgF444I\\0\0̙=\0\0ÌcX\3\0\0\8=\0\0ÌcX\3\0\0\8=\0\0ÌcX\3\0\0\8=\0\0ÌcX\3\0\0\8FaX|@\\Jex\Zқ\f9\F\\Pm4)wH1\\TTT\W^o\\\P?ά?H;W\Dǖ-[i\&\\\\\;\\#\\`?NS\nz\-WjZb0(mWWbbb\\3T>bVR6돣G\\W_o\&L<Y.q\\j\"# \\ޚ5kB\nz\`HA\p8\\n*$\\\^\ڠ]X,2:\pT\Gcc#<(/^\\\r9\3\H<W\$\7n\(\Rг?#\\0ZJ\<\0\036aA\0\0\0\\0#̼yp\=\\[o`\2\0̙=\0\\\l٤-\N\03\\X\G8===ػw\0\0Ì/X\G8---x\7deaaf|aaa\1,\aFݻw\\ó\>\\ea3za\d2\\\rRa9(N)vS\\\n3ܩp5\Z\r\\jc8z(^}Un\\ɓ\r0\g\x&?6oތM6ɩ\׬YrX\`0\R\Sf2Bҋm唳\NS;T\lGD\k׮oF\\P?ά?H;W\D	z\n\;\p`?P\p8df\\@\\\^\ڠ]X,2pOb\?\\˱n\:{\Ճ\г?ά?\"\\MDlٲ7n\{\\c0\\p`?\/\n0\0\03\`A\0\0\0\\0\03aA\0\0\0\\0\03aA\0\0\0\\0\03aA\и\͓aa\'==+Waazaa\(,hXBO\Sz\,\h4؁\r\n\n\;0jҳ?\6(h\d2ɠR*\\`\D9W\G8\\`\q(Nn[\jr\`Pڮ.\\\@\cf6\\0\AV|!\'Rm?\\`\\`?F8\")\\\A%px<hoo)z?v`jv\b\\ \!Rm\t666\ߓ&M\Zc,\\#\\\`?\\0Q޷\0f\\\҂\\\@\\0\0\=\0\0ÌcX\3Ì0w\ƣ>g}V\\0\0g\0#pC}SeKa9gaaqzaaǰgaaqzaaǰgaaq\bșb3\l3Ti4\Z\\)}\'\\رcXn}\\r7D.q\\j\"c\֭ؼy*\Bll?\\?#\\Ekk2J{ʌ+\n\\\,\\6g8\믿._w\u4i\\\\c,c\Ǳm\6q\wHa\cc4\L\\1l6\CfF%p\\\^\ڠ]X,2*C\?\\\O\Я^\Z\'O\`yD⹚زe6n\(k\\ސ5\?#\0\0\0c\0\03aA\\\'y\\@\\0\0\}+W\@\\0\0\=\0\0ÌcX\3Ì0\ϗ\\v\m0Xa93gahʬ,ٌ\.fa3	waa6laazaa\(,hXBO\Sz\,\h4؁\r\n\n\;0j\\Xv}\7D.q\ADڹطo\!\r\1\`\D9W\G8\\`\q(Nn[\jr\`Pڮ.\+\mjP\\ju\\\"\\pq\Q\M7݄ɓ\'\\`?μ?\"\\MDlٲ6mBLL֬Y#\\`?\\`(D&R\;J \\x\\\.g\\؁\r\5\\"H1\\cݺu\ի\3\H<W\$\7n\(_\04|%\r\`?\[\0\0\0\0c\0\03aA\0\0\0\\0\03aA\0\0\0\\0\03aA\0\0\0\\0\03aA\0\0\0\\\3\Nԩpc\?o\>{ѢEHOO\`yD⹚b7mڄY&\L\?CaXHBҞқ\f9\F\\Pm\\6^Pc&RmPzc0\"\Ml޼Yz\y\o0>\r\Ls\`\X<\\Bd\"\\+i\\񠽽\\؁\r\5Q\S%\"\\\\\oܸQ\n{\7g1\G8?\\a?\v?aa\,\aF\\ʒ}R\m\0\0Å}\\Ӄݻw\@\\0\0\}\\҂\r6\@\\0\0\=\0\0ÌcX\3Ì0Ԅ\G3\<\\ea3za\d2\Iۨ\ry\0\0g\0\03aA\0\0\0\\0\03QX,-\RƧfYN9\h3T4.mC\\n?v`\"\?***v\Z\oDII\\\\s5yfh;\S\r\\r\\p\\\P8N)\\n\\\j\]]]E\6CA(j:\\#\\pq\Q\M7݄ɓ\'\\`?μ?\"\\MDlٲ6mBLL֬YRг?#\\\D\nz\!WP	$h\v\\\C\cf6h\,̟2\"\\pQ^^u\\\߫WTг?ά?\"\\MD߸q|\{\o0\|\Gx\	\nGcc\\@\굵\!(m\0\0Ì]X\Gx\\N\\K/t\z\n\r\0\03vaA\0\0\0\Dzz:VXq2\\}\Xd	233e8O[Oaaa\.,\#\\1a\ܹ\\ϗ1(m\0\0Ì]X\G0\C:\?~\\\\0\03\`ATWW\q\\\\d(++CUU-\0p\'aa\\СC8q\nvh\\\23\\\Z?O`\2\0̙}hf\\p\W\@UVV\xaM$E\\\\aa\\tʙb;.MmN0\┾\\P\/`Ϟ=HLL\W\\!\\}]tvv\β7\|\\\\s\`1\G8LT(,I(\U\Sz\,\h4؁\r:@چ҇\5RmPpA\hV\_\)Yd\yb\8x\\?e\k1\\X<#jҳ?\6(=1m(D&R\ӈ\'v8<\\\将z\;0CAF\)RTj	H?h?\?ºu\\իWc\\ظq\\^|iy?F\}\s5QA{0?#\\̄jb\ڵ())={\\Gi(-\0Cg׮]x\G\O}\0ÜqX\G===r&ؿ\G\(\rm\Zy\!\jwa\L>hnn\md-|BB\)(\Q\ZJK\0\0\0cv\܉\.L\nZGi(-mó\2\0Ì]X\:%6[,%-@\f=p\r:\&\'\'L\M\(\rmh\@>CI6o\0\03^Qn\8+Mdڠ\\ѨR\" \}/\h6(-IJ\ۆj٩=<\\\ϗ瓶\\nƤ򪩩\>btΕnNq9qqq!\c\mlٲEECҌ7\?#=MP^^\=\<J4@g& &\\x_O\lV/==u\Y\O$\\D1\`A?0|?\)\WN0\9\**QS߈&6M\ѩp\\r<,2$r8ק\c>	\s:\\5\k\raaBD\nz\(۱\P\$\\n.vu\J-\n:-\\3?qQH\\]\\ZP\$B\\r6]aa@D\nz\T\3\R\\\ޥBOT&j\\Z\5\0\03P\f٨\\Ȉ!tD\v\'\>CAPt\\h`קP\\\>\<6\\H3(0u\\QH?B1l?6o\,\;e\`?c0\\\\14	e\j\ԩ^X\n3Tb\h\>ȁlP;vhsIUl^s\fl\r\rZ\xrt\FRe\JQnĈWc\\r\H?1Ql?H\oڴI\n5kք\\\c0\\p`?\"j͆\|m<\\\Ve9ESmӷd\[\\\U>J\%yQ\\b9Z}x\ʌt6h=a0DE\bc\\\p`?q\Fxŀ	B#\\\Vh8gi<\\\7\Kz\\"Xxn<\Q:/\Z4\U.\'ϰ:(h\\P>1\0Ü\r\"K\mը\Sk\Uo\nU7$\o\\IOݟ\R\L\\}=\Z2\d\d|\ɸ\\L\\\$?0\BJ+ff8Pa\0\hQ`ݼ/TGXj?\f͆\F-V8P\jEE	\-u;qɌc&v9\O368\(\`7vU\\6׆F-ab\m݆\\h,\0Ü\"N\֘\g^!\\^/,V7L67lN\#\\o{\Nm8Nxd<+P؎O?x\\\\W\\\\\h?~\\讯<Mpz]eu\\\DZZZ\af&>\\\N.\\nB N,\_X\p\_<BG\r`&q\ШB\Z8\ݰt4\rNKj-TZ؈/aa\?hA=װDn\nBػ=^\2A\\_tQ\\KMn\\1֡\0j\Z\\\[{\*\x\F[\X~5@\\N\\V8:*QWq\\:\nǎT\	QHs8\\\`\@wSeo\\S#Zk\Z\pMUQ[QvN:\݀b[a3vDoDY\\\"r\]\x\67\\\c\\Th5#4BF\)\\$\n\K\h]bT!\\\0\0̄@S-P\o4f8PZ\:!vjp\\2p?[d:\\\\?*\ZzJXl\̆j\Ii4j\\.;\\o\-\Zuo\Nû&>*Hٞ\0\\\\Z\\\z\F}\'7}\wx\͗\͗\\0}b\ntuhO\?׽ \m\\"6t`R~\Z\\rB7\\\*^\O\+\\#J \&a\4_u\g\'M\X\[َá-o|c5\LF[M³?-\9CaJ\rj?|\}8\\3aec,{O=\V7\_\B{6=ɮ=2^\n\x\z\\\u;kz\\\r\\Gj񜠂/jQ \ryyy#\hoaq#\p`?oN:\nO\2xŉn<,\\SMw\7\<&[7ᆽ\">>z\lE\Ϳ\\'~Bt\Ėtd_[|\O/\G^\W~Λ!Īph\R\\\c\\n^\eѓ_Ǖӭm~k?<va\\v}\ߨjCRV\n2Kr\W8v\[\\VSVig!*>\_b>?\e&\ph;*?X}\¤}\t\a\`mIx\)FtJ?\\\Y\.i\L{n<\#x\g\\\\0s&aA\!ڽ^(h\\\A\#8\7=-ӶԱ6l܉H~9\U\\*\ 8iț}򊧡dr!65\]R!!7\\\\\f݄g\"%N\rS\~T\~-F\X\iPTR\8\P^\\?FW\}+q+.\bL-DQRl-+Gф\V\Z\U\pz>\x\Xzy\-)\E()MAbl=Lm\hj\-\H\1N_iߏ}=fM\@)vFT!賠?Df!*1\\0g&⾡\Za9~\^8TuO\po\lPCIO`ilдBt*B7QZqZl.X\.!\Ij\n[BT\,Ҹ]n\\h\0\>$nrcq6\8G\̾J\\p\e\\\pVEtJ,\PyG+\\ICr\d,ImZ\\\Z\\x(Ō/܊%#ZDϱq|׿qYؤt\N\p\\\\\\XXq2s\\\r{ј)\G\\\hZ!\'-\rGu\p`\a\Ͱ병6\2c\@\09\U7\\\9HpCՑ2kUB_\\\&7*qMn\6Y#S,k\I\\\\ʒs펷#XH6F\\\\2З9s\H\\\z\1Xd\x@\nz\nC͈2VBK,CAi`\C\"\rj\\\8WAQAb\	\	8Y*n8E>\I\O\\I\\у\s1m\	:-\<\"ʫ-\\\^\\\nԵO@BZ	r1mJm\c۳PQp\M(\nT\\@Cmm\@W\Qqܭ\k\~e0\r3hoC\xv$\\Zx\]pVmCeisVGA;3W\eňvԣ᧵h=zt\ZP\'\"k\e(	zu>2K\ҩiRd\\0aAOPW\$XڛĲ)ų-\~8HA+222N\,\D?dc4Zf\\n)\)c\\\\r?\\\"m?\\\"`C!dCFDEE\A\\\\/;\n\PmЮQӡtDȆ\nǖ-[Ѐd\\1\\QԈV0 =&L;\u4s\\\\+Ҫ\*\\$\TŎϢ`L\O)E|Rjo\}\:]\y=S\`ŵbI>\\V\z\o`\\r\ąS\}\|.--|\x}c|%_M\]G~\Xg[9_-LGN?űga\+\pPo\Bi\\%\\2\\\x-4\0\_\\\x\\\\q\u\޸\\X~+w<\[8\YYWމ];C\c\`\\\48(H)*>>wE\\fd\w\"\\D1\\\ƍ+\'`1\G8?\܆>\P\!9hl\'Z\(ۀ(DtH\I	1\\n\'+r\\\f\\ZQvG\\2X\Nt>Z!\\4f܄\`~>%8EҤ({)RE\\\\\\b\\k\\X.\7P\\\%\"i\dih\#vJ\\%\ꑜ\Nl&1&:ɓfP*aa&\",\A\\w(\Ʊ\T5Q\dAm4Ɉ\\Z)\\bDk\\-JpF\\4\DB>\*{\J\X\\\\~gEx\\w\hm5\ZN;Q\\x\\b\O?!*\Z\M܅\\ v>}\Wxï\/com;޶ZP\˞IY\Zݰ\͞\L,\$,@Fv	4-\p\_\?<G\92*Fv@\\0\0\\\Ӄ\ZTW@m\\ruhlMMhjCssZ\2\f\nuhov{73>\\\#`W#{\L.\CzHG3j(j^q\t\Jm<b\\\Fz\\\JGBwZeL>r\n\ClRr8\\n\4\W1H:Sb3;i\(:KN8ٱJj\nYS>}	&ϙRS\0\h(5I\\baY_\B\E~Ȉq¡L4\Zr\;\(\?<xSL\z\PzN\˿`\\`?\܆.]mͨ,\PP\n1)H\\ET7p^&\?\\`㔍JA\\b\n\nb(=\\!/smgaa\Ce@|JR[8S(\|Ttl\C$2\0\0\paA\BzFVN?Ġ\jW\naaa\nzaaǰgaaqza\\0ÜifY[IC\Ȉ0_@^l+\	w\ hHp\\$\t:k\.X\\^,\^DkX`ZmD\6F\dJBrrr\cc\\`?\\n!reMDx	J\\\%\Wwڠ%N\{٠^}U\"##\\0\?1Ql?\\`g\8\"jb)Ʉ\{+V\ɓY;\r6\{\7q$\(6\\p`?q\aagajN\/\0ÜiX\3Ì0w\ƣ>gyF~Fea3	 68;\\\,\\=ⷛk\	\Z:Vʚza9\\\w\\a=<\/\o8&bgaa\,\\X\\IGR!\[B\[YЇ\8\P[݌63\\haaf\aA\^~h\s}\,\iP:`m\\*\\/\?<z}\\I\M\/}ϼq\\\99_q8Z>uł( x<D\Nl\0\0i\BMSn	1iR\B\ng3.\'\Vl\r}\\|+.\Bp~\~\\'`:\U䪇v	u\f\!X\"?~t3^qw_t9\\\o\ֈ\#/\\}\"pO\U|&t\<\1\0\D\nhj?֔f\nJK3e\ H@S\Μ5\rkϞ=rR)?\n>P\Ԛ!:112\\\\s؉\=A\H(,P\\Y;\r\~\2,\n\'(\m.Dg\`ּ\WP:ös\r\\rlf\\P[SXT$:`nڋ^bڒw9;\3\\\'=\Kp\\E0oF	RtP+ßj9rr\C\E\`cQ[[\\jy\`?\}v9b\ѣGCr>	\\֭[?\@ TVVJ)))B\`\x\l6\v\n\laH5\4CU8Ù\n7\r\_\ZFn\ʕ!guY\u7\h\6-J&\DZZtj_A￁\)i\\s\]߷\o\R\\O\RO>ڏN\\\Z21犋09E[\N\ۉ#]ib\)(V\G\\C\	;bS\\,@\JjG\ra*\,\'\$#^\'&\^ۈ\eӐՊ}\x\H\"f\A\i\P\GHP\fa\\"-ʄ\\>vg_t.M\x*\i+\frDnjk5\¾\:\9؅u\'\ܕW\+t^z\R7pO\\\\KQ?\\j\	T̹\\?7\w~&]Rmَ$\ׯ_\nM\b\"\\D1\\͛\s\]wɿ`\g;＃b^4х^\I\>c\&S?\\\lG]]>ٶM&XA>iLs,AnnMp\\?z\mac\\PXX\_1\q>WɧO`hp3L(3J6ñA\Pz A\A\XjUHA\\־Qʷ\l)CCGZW :}%䃽N6Qrx\~(\nL\?s\\\\\\h\\9\!nO\[\pmqM97|ݰjވ\f;l\h\_</\/\	5{\\\?\n.r!f\Z\Y>\J\\\-U\\_\\iKrX+t+I\\տGQ\vt2;6\nu}\^o\\sԹO\ǋϾ\6\f\0\\\V\\{V\;a*^\Ͼ\ûԘ<u)\@_\\on\DGGG\dc4A/9$\\㎐~Ѱ1\׿%kC/h\M6 $\Ν;x__O\8\<\cx\1$z\Uۜ\x\\\\Ĉh\\";v,\ӄ\!`\\\\+qX#\\ŋq\c3PlBd\">`T	rN{{;\\\eu8\\\Z|\ȆIx{\1X\"\\㨃\\r\h>KЭ&M%PO:RJR\\\t\0\?\/\D\\Tc7~[\(t\B\nҋ\+T\\rϖ_\g\Qt%2E7.\\0d\#s;}\	E/uV\\iĶ_-\G\\h\8\\|~\*o^:7\\{\\\^2<~]&\,Z{\\"Gl,~\jLw}	GV]1\\?\\fYD\y|\[\[\!}	%\~j\^wnހ5gA\oذ\s,\E\bce\lܸQ^;\{o\\Z^\ؼ?\\M\;j\)\S\U՘2mD\\\r	>huZ\\q\~i\Np\r:\14\9\{\\\݅E\[nqx\\c\.\%$\\K/\1:w*鮁\{W\\FxEBJu`W	V\<at^\}\'V`\Q8\+\kfZy`G5\\}34\_K\+>\zǍVȾ\l-`f/΄\8\/<xŅN\gq\%kp\\I\\Fa\W\hS7ʪ\\\nAپFܹr.&\\s_\.9\\x\OakjE&i_r~vA\\rw\\h*\\i\ɴ\\!\w7I殮ÌeNZM64XQ\c\LNԛA\\rF;\Z\.Ԛ\	CQgt\\\6g\8ڭ.8ܽA\(}\\nOx`\<,\\W+JQzU\O-!I*ŜKnĚ܂*\Q(\$ҵX\S\\(XKo_\>\w~?\V\\>3\BBU\\\/\nŲs0?\\0et*T3\-_\ZA\}珿_\Z\\(@f\v\n!\c].Ĵ\s\'VM\\I	HUc+\\Nd\r\\\_U.^BN\n>C:\yC\U/\<\r.	ژX\#BT\r,(\Tn`wW0Ì1lJL\iJ·5\0V(CuC\\J/j/DlSt]p6\&\ZRJG\\,\\'u\\<&nux`\<,\P\@K]_|\X!\{k\CkiKW\\\\]wƗ\uf\^l\Y6Nr׍Y\\\E\ZJw\\",\\\$\Z\Qvp^\\7\\ESӑ*>h(:\f\\:ݍ\\\3hqڸ*-\v#u;mѤs1)^\qN\|\\|]C\s*\n\r>{;I\\rv\v5\хVxz\0ՋcY`2<L9.~}\Zm\9af\\Rj\Bxo\\=Dy0	\>\'b\\n.T]u\PmPX\ڠyC\six5\\/X8\1Xc\\b\:x\SSfl\nu\"\\\\æZ\Kd:6hSr1\\/\j\\tb~>T\܎\\.B۾cj@Ɂ};ɇ;r1ҭQ\(7tC\\Ll|g;6}\\nA\9\\n\ۯ\n\_2gJK~\\ųӀZť\Z⁽r;t\Amh\m\ӏvۤ\\64\ՠ֢\\A}x\\رc\\>(&GՠGP#\\_ 3U)\Z\\ΐy1ÜM^7ԦvhZN@\R}[-\\\a$\\	K\0t>X>>G׵F\\\\'\i\.s6`A2ޔ?+\S!\Zzľ206X\r<pW˞/7lt\\\G\7\\\qޚ\'\Fl\ކM\/|\^\\~Vx\+]\ފoow\\XG)\\\k/We\\\Thnv$U\'ny,\[U\"AE\r\!\ǡn~\\u/w_w|\a\\dAc^<\\\zh_,<\3\wW\;w?\C8ޣ\")\\)rQ<\\"|\W#>рӳR\3y\~\FZ[7\B@\ca\DOt:h\\0MS^JG\\\a\\\\qgAqc\&#A/gjC\MSj\Z	6\؄\v̾h\#\hoC\\'%PD(\]\jnInI\\"1#zhl]n\\魑W\\\'dzVf⢵r$.#:[8\H,LAv[\\ތf}l\r\\Z#[N\UǤ GI]\rF8-Ԛd!\݅.4wYe(q](\:\\'Ğv^X\UU\\0n3#]\Ыn;\\\Ttjٍo\\zҎ <\M/\\h\n\q\Ac쏉1\́\ZO\sυ\\\]\w(@&lv~JS3.\\4{\QU6\\ol^\ˌtuLc\/Xhrӏq,\&,\{(6\\p\29Nii?\\\l6\F[`\5̙}W\!\'\IBAsTt#d({kɒ%,\C0\\Ja\\rΜ9^]]M\c\ݺ\nۉ7m\}bۊ\$f\i9\Ƨ\Dc\\I\@\)g\\\\\}A\\'t|i3\ZǙ=\0\j\.b\\χB[ِ&6\\n6mRgc\'ţ\t4\Z?\&Bg3`\q\\"<\w_򧔢h͙\n2.d\3g0+c\}M	\/N!3s1B̘1ÿ%s&\Mn(-M=RR\\r.\\\H\(6F\\v\hc,cl\\hjiEs{:s@l8\.fmL\	x\\\@\\\'k0\\d(fL\\\a=*Nދh-RS\\\3}\}>Q܌\Ja6\S\'	9\z?(=u\5>T\\PF\9駟\ʕ+Y\3B~\G(&\\޽{e0Xj\ؾ?\\K]Fċ`6\Zʠt8\JCY:l\n\x[\.\\th\r\#9ËIMX\01\XB\Bc\W-{\ZUU -1Bԧ\\\\C\t:eu̴\	\@id\e\\\\?ٞ1܃\9\\'`A\J@\ӤZ111qc\ml޼Yvkg͚5\n0\chnmEKkMhr<f ^V]2<\\g\*\40\O\0\0\IDATQx}\V\\n\"\˖A0\'}n\n\\tQN,ÌT>\PiU0fN\\0\>=-ii\\\Ga (7L\-[`\ƍڹ\{C\nz\ؾ?[Z\$}S\rvg\4$\\,/H74R\,,\\\"^\\\=)\\*%\\_oj\nvQ8p\n!\]\\\Z\}QӍ\ۛ1Ü!hvw\E\@\rZ\ \\nQLqt@U+}\n<\FVR<2IЧ\yW\?\0.rIƙw=\2\\nC]Mvt\Zh\v\\\Vӎ\V+Z\_\\\G%\0%|B\ۍ\:\q`\\y\0\\B;\\Z?\1\(aaLpB2j\H5vvW\\\o\.w\\!\	\\%\\m\C\\nQ/\nu\\^m!BG\aX;[\f%\Y-X\3\0\BB\SxjbC-KD<SzXpx.X\v\\Zz+?\'J\b\\0Jg0$g >{*XCS-P!U\@i:\\PmT[A\I` \\`Ϟ=<M\\0\\\\\\ϟNG(&\Gmm-\\\b\n\	\وKE]\nugn#1Bx=0\\B\Sk\BcwxD>\\ZX\8\\n(>\i\h\qM\n$gd\߻q:g\;ظ\\\\\\=\-x_9O\\!)\\R\_cW\|_y\n=m\\\\\uՈKJ\7_\ַ^\{`38N\'\=\FrYӛ)ߴyۿ6V\/<&\'\\!\>gJ\rVKGSo~_Ժ($\#1*\C\H7m1)u\"^Dl\\r\\\#\\ro\>\ر\r\r\r!\P\\+\\_\Os\+\%=^QP\jk\\\J^WYN/Cݱ\h<q\\2:\R|cU\k\u0v	;n\-f\U6\\\#\MB\\ފmo\ޏ߅\\#d\\^\\,&T܍\?i\\Վ][\wc\lmāO>{\\\\\~s\mfty}\\2\\nǞ\":91)Y\D\r,șzv|\z\-TTTc&rf)\Oy\\wRēx哿eZ*ֺ\r\\Bul\'-\\\\\\4d\`\_\\r_P\ϿJ86Y\\X\\ύ\z\\Tŗ]M\z\R_\;7c\b\%l?mhB|律w\\E\݁8۷C\\)[-hoۜ@v\\̦=\Sq|\2ļR\SD5$r9\0z`eaP\r\h]\)\\{\'\/	z\UG\b\Fn4LĿR\0/6\\\ZjV\xf\p\lo^Y{\r\[@\F;c\OLAkjj\hP<kb\z\M\ݎ刎Gԙ!6zC,4t4\s@P\ɒ$}t[:̨P*\\lh{z\;:k\\:,\\<Ɉ[7bxhLr\0a\\\\:uuܲ\\t!:e\r\\\H;\_\%\|o!ɍ?\A[C\r\x\}7\_/8!\n\Tp:{U\\\\|F<\\Mpڅ(o>%ʩ@\\R\\\KmyO0ⳋ%>\\4ژ\}9O,\\ _WvjI>\(;e*_\lv\\'cɕ\0$m6J8\`n܇\'^\\=\\\\\\RGA]]\\wa\PZZ*-k\h4b\\\=\\\\\\\u\njO6Yn\\\\Ȑˁc^6\\QZ\Wɑ\rKLL<\ujw\M*EbN\Ka?NM,eB\\'\'Jj)\"\\Ou\\:5;F\\Vy-\kC\\a*\\'\走\\\"\F\h=j:kZ\5!\'f+o?w\\-\\\og\e\;ط}d\MB\YB\=\\f1c\o\\\]\nG֒o}{-v/n,t\ݎ^|\mk}5~&#\-i\yP\1}0D\ɪ\rOY{x]M\\~%\q)T:0\mf\!uՔT:=g!F~M	XgN9\!\ExbA\P8N)\:M-`ww\jw*\\:p\1\rO>$V\\TГ7uw\ZnK\i`\\f2Cܙs\\&	Zq=ը>vo\G\&\,\4\\\߿Ixl\0\s}\"T\m8L/qAؑ8\ q\Y\^\	p|i!\܉;v\kO\	4o~\EX^F\]\\ZZ}	؏.\$6K\aI*:_~=\N\6\\^t\\HIt# ??\\I}\(-\1m\4\2\uK\\rt\t\M\'\\+\\2n0\\_G Kv:޾j0\\`\Kt\Ґ/L\h\/\\m\h\6\!zތڭǌ8\\{\dp˦*\.\\/bW6Qp\(ŲکW`\\Wֆ\\\">9篸_%\58c\Чe_&\^pU\õO\\\>Gvtmm\n\ҫnMf\\|\\\P\'\\ßTO>Զ\m-\\\\\\[O.5\,8զ>l\LCFjʠW\?\<S@P\:@20,M@k#`\\8)S|f\J<h\\FG]-L\"$\'B/r;4\Qx\F\rx9\qću;?;ol؄ra\;NX`T`Qi\~\\,-BKC*\[0uQ\\c\X\\qb4\w\\\\\\]pDe\\'/\rW7\G\F`SPe\O׿x\\=8V%So\#/B?	se!N\t>ق_?|u\\|\6l#\v\1>|ug`Q~!\\*a+gΜ)\ZV ks\999RS\\Ob/..\방\d~OaҤI2\\A\{BFۿB ?\"pD~}\\@\om={6.B9Y\C\sn Ň\n\X1^\F	f&f\	4le\\\Zj\J88\r?\'+5áxB.L\'\&\\6\]Vr\JJNT\\dgVՂ4!o\{\* Z뫐[<]m8^\e.@jV\\r\'\\=\̛$kƩ{]\4UWh\<\L\"P mRms\qt}H\ȁKګ>\\FBj\-Υ%\\W\":6N\r\#P4}l\Ϝ=TZ=t1	Љ돆)j2F\EV-z\s=\?\n/\\Ə\؃\p4ajV&|;|f<\nx:a\\\\\^\n\"!9\\>5}J\\]_U+\\QT曨;ǚ\_\-@8.\=S\ہFD\}\+\:\')&B\\+&\r\\3\'\\2~{+\\-\mwLJ$a\|TC_\nw<\nG\\\v\h\՘߀O>\Dr8=E\Ϧ\xm\Cb>\䆄[ຢ>*%kh\x?1Ql?\\\\\p\PoSZ(\0\w\.vu2\?|x\\\(\Z0\\\\\W\\0p\\!*:\QN3#IL̈́No\_6\z\s\%\ƻdg\m\*Ƿ/a\%+ql\mK\f\fHJ\¬%\Q2{\{\\˯\\\\OX-\s-\2\\rnrsv[7C\Ӆ\\(\\!k\#:\\Nxఘ\l4%-\眇\\#\\חīo\\%\\0\ZŃ߅	A=&Tw\}\\\0m\/\綢J6s/\?0`\\ZJ_ſ>;0\ۿd\~Y|:\rp\\{\&\Ho\?}\\8f4\B}\nuawp\\\A\u\\pi\1,\2m?\\\\\\m\jm\\\	\i_(ki\"P86M\2ԡ\\ZVjMG\Z꣢űz\Of#$\+Ǟ\c\\'P\\K\A\׀(CQMK\M  !,+	s|\I\̄OD\\\3ޮx\Ò\|͎Dxuz%\d\4٘2#Y|\ѧ\\\:;hh2B\\\ǫ\\Seߏ\2\-]\\\\\GP?\Y4\ݏ?Ry(eܼ8YT(\\j\\>\YXp\\w\+7\"\]TЦ#g鵸\ʅ\\wsaPAؤD$ef 5\'iB\>2\n[<)Y\	Q<4aTRZ\=\s0\'\7:\Һ̂b94%}	tB\*,gwf.Z]S3UP\"Zl\\\\S$E?}!2\D\+\MNe1\0À\\Z?)و\ȂIH\\F8;;esلN5̙\+!!N2>}\"R\L|Ƕ2\\͢df7\Fy؇BL\N\r\K0-YcU-\b;3&`\bL-_f\\=\'\ri1JvQ\xo\.\uw<n\"V_=yzl4$\r\cl/ˎ\`y,U\2w\\\,Z\\\!\L<d:\n\rȞ4Ej\\0\\\\W\b4Z\\bѧDKb:f\FrV\$׷.N\rV\0&\\@\ѭ\\\k\;U|ə\\%8ȟ4z|\"1c\\xTQhɻ\ZSf\\\0>\Z/)\Ft8**YD9>ꪫPRR2aEzwT)̇\Z\\\/aqE\\)Ȼb-7P\9>i#=+\\\r\\\\\\q[M\0jETm>\G7<(^ߺ\r۶\w/E?͠l(h(\_g}\n(  sn>I\*l<<1\0\0g} QoAz~!~\fKf\;u&NCb:EP\|\&7]Xj7\_\wn\&l}\dTCݮm\1TZ`nFX\?\\@M>ц\\)\،NNu\Z:)\\8\uv0\0\0g}4!6%SPt\.(DZZ\\\;\\]|#V^Q)\\\=\"\%\w~ot$Dپx\md\?\\\Z|`\\bJI\'5_O\x\\g\?}hn-\Ze\?\]/\V\Cxo\\\\;\\\_@7-\e\*~s-=\0\0\\CS-а<\4:ZC\Zbg62\/C1\r\Zf!+O,D=٢i\r	KL\P\\ShⳐCB-N\Ķ4sWlQ)\_r\\tQ:;	-Ғ:5ԇ6-;V}/\\=p\&\";\'gea?\\\\\*4\\\~Y\iI 2QP\<df\tq>Jsh\c 6%SN\<7o\\GFAٗƚftX;%G\k-xr\B?>>\ZYP\'b\\$j\P\p{\9\".\zw&?{$\6\\p\o\l`\\\-\"\hbv\\v(\s[\s\_čwrbxQz\FGK-5\Zq8P\\O\#\m\Pɰ\,F\Ú?ǡ\\ӂ\T4\rLA?\G0&\r#\hY\nz\+}׶78GN \0\gٸq#W\#q\U	!\3GXЏ\}>\\y0\R\ugҋmeF\\Z\rv6\\\@6hy\\\=3 $\ׯ_\nM~\"#m-=f4P\\nAz>S\EzB\S\O~^\r8NS\Д\J\\\%k/\\f6hg\;\n Ay\\'X\3\I}$\(6\\p\o=\\w\\y3a\\++\|*2\Zqpz	\e\`?¡`m\Y\3\jr\m\C3\^1aaZ\uT\\l/k?a\\aaF\\7`k|\u\z\ZΟafdaA\0\0#\\\r{\\rʠ\/\uU~\"giX\3\0\\uum\J\n\rMF\q\`메\D\.x\Νӟ$1sf`A\0\0#\Vy\"(Pz\\"x\\\QdA\c\p\Q\_z\)l۶Mv~TWW\W\n;v\9\{MM\r>Ð\\o\\\\'\0ƪz{\\+^z	\O}ZZZ[1LdaaF^Tx]\\\)m#\.7\hXm^YC\_\Ӑ\GB\;-\R\Ejkk裏\\?1y\<xпfh\{\\~_\Wx\\\\_glٲE\\\\w\\?\'\r\۷\QI&`A\0\0#Ru\28&xl&xVmV@q9\͐&AL\\gHT*\rq?(ԣB߁@\7@!x\nPv\˹]\=\\\\nO\\S\\?\\[o\o\\\˙3ֿ^\[YfI6mm\\3&2`A\0\0#B\/\\!\mVg\NQ\\	9\?\\D,PRR\ONnG\\&,Xp2\x駥\;B5;\/o\'\0	\\\F|\+_9ϥ^\׿5\I;W\\q\eǟ\\P\:\EyRZڇ_\Cc޼y6m\Z֮];fR0\X=\0Ì\nZUiT\@\o:L\ːV9dAOD\ŋ\@\ddd\ZI&\_\H\W\㲭95}Y|9.\\$ڬ^p\\\\\\\R?\\\\/\\\\RH\_FtttH\\\O\\\\/9s\ȉIq?Mn	\\'4\n߃\\\nñA>q:hF{S\\<Ȣ\g\\\\\\&\rG\\rʃxzXՕ*^oT\P#!!!\,4\;M\N5\II4R>p\󙙙Xr%z\T˿j\*\\~\Si_!l\\[oɯ:::d\R\\x\rC٥BC0`RVV&\K_V^%K\\rD=>>\\#Д;[p6\\\+%mLNx`\\rD\6w\ؠ#ic0h[Ӂ\\F4Fct46.bt\\"\rH(\\{n\"\&\rG\h\/f3O\BT\Z\CTz\d{p&1\\Z݅Pgї_~[n5\T@\\͕\\\\\\rVVRSS,}!dښ\ViZ{jN\\.`бj\I^\\\q\رcKHi\'\W\ٺ\ęyCI7H\BTT|0P\=\`\l\\7n!`\\Q{24J(\ZPm3ڛ\P>\@I(n\\\P\'ӡ\\[ꦋ*X8G\6C\\"=\еB\];plm&\r\C\\\s\'^\\}\nb\\\&\\3\o+\9u\Zv\/qMR\n\)SM C=.]\Ouڥ}\\SF͎\E]$\Dj\\x9\~\{Y2X	܆$\\\Z\Qo&!^Avn;-5հZ,ANuuu3RߎC\~|U\\\͛k:M\\\@\O\QG0fR~\tE\V_ہp\\!\d/(\0p)<nNʼ>\P\u\]\\\\x\em8Z=w\_\rL!2ihGzo\r\P\Rz\\9TH!{;\\\s\O>\2\~vZk\][\h=\n(]Nh$H7v\\|Z$IChу:Bii\\\_)>\\{\3\P-O\\\k52Y\Ǿ}\\\-\\EBB=;;w\y\'\~92C`\@-\Z>2Ì?P\፾\\Bpz;\o`\ٸ\\d\H*@\8o\rY\hJ\\޽[_?T=k\\#+`\Κ5kL 3]j+O\QzYn,\0\o~#\+4r\`44<ME#\>\;/tި-?u*\0ES\\..z\1b\sXN>\rD \\A؟lP\=\&O,\\n\:\\vFGB\{\&x{4Y\\PB	eLBplЧH\\J~w?z\00\"\36n\(.اL?v풅1$\\&=\\i{\Zi pt>Z[[\Ï>R^TM\C3\\}!\\\\\乢?\e<	qچF<~^F*6͢EZ\Zijjn&|\-`\̙2>-\NQ\@\&T6i%\PL\G8aXD\lw\D\h\Ra@NR\SeA![>\9B\\3j<=\)g+=\Q3FzFS~T!C\0ZGSʯǴ42\r=[i\G\0\|\z\t~\\WΘ;w\im\)`v\/\7u=\=\\G\'\SC\P\ӻб\9\/t(P\\"h(\{#ǜ]HS4t\Z[_w+\J\F\+W\?!Qg\5(#jZA2jvz\I\}\+V/?\t\"CF\/51v\\\	6\\&\H_\/.\Z\Ój9%L#F_P$tTA5\\N@57\> \[ΐG\\\ŲF>\\qуjNB٥&X@\S-\nLH\L}_`\\Zlq\I?%=9\r]FYB\pi=\\t+߰a	G0&\r#\h\\\64u\`\1g\Z\\9y \0*W\#q\UTB^\nYI\LKE(?\\"\"\\\Z8\\!\m\$\(((69U\\0\FDt01O\ɦBēO>)4*@\MHlS5\^?I\|\\\\.L\\S\0\0վSm:hZpʛ\6\S\\s{ >\h4n1MLB7%}}\ÁjKvj\#{aafdaA\GBz\D\b_\qX;\\6a\\\pLy+kl\HD\\PP\j\3Qӕ|PΦG\\Ä\gL\\I&Iӧ\`Ј4MM\s(%K%`\qP3j\\\\PO\\;`\0\0Ì,\\j\%%#x\nb\BeW{Lhb\i*\~ZFljC\aP\t\	\;k\CA\\n}\gʓj\6$\w]فj\_I1hNd>\\Q\PB	\VgcaYX\!:Q\\(\Dt%CU4E\ާ	LH4\\^ڨ\\{}8\O\s9\|ӈ46t@\Ht\0g7\tB`V\.^@Hx\T0.TH/4\;\\\Q2\0Ì0,\@?QQH\\B\EA=s>s=smj\rՀꫥp}\Wd@ Kc\0Zj\K#\\`\\o;p!1Nix/jOvh4\Z\D\?\\W5/\Ɲ\mH\\8Qt\9L#\Z\쁴Ԅ\%\0k\0\0Lhƴ\\\F\\˖c\\s\\\l\<	\MQ\;\<9\\r~j\4z\r5F\"jY\SS\TP}\kj\iTGyDI\7_%ۨM;]JG\Pg\\4.ri\\[om\ׯ_/\\S^fF\w\H\^v\\\?Ԧ>p\1\1\Z\D1\Z?\#qr\a\&g\.\\\)fY\ȬJO\\;\\\Pm\\hdgʕ+?3le(\7i\\\rKb:R\7\hإf;4\\HCCQs@5\r(Fԡuh\G\\S;@\\\.>(:\R>$\񔞎\n9:\>P\|֟\n=\ji\\q\9)\h;\Z*p\\n4l%fn\6y^\@\\\`6Z\s-=f4P既k\[<l%\@a+35^\'\ =%\iiT\\\C!ĝ!aF:T%\ZhCA;KⓄh9\rr\\\Zg\"ɮH\G\b6I\\8\f49\K3o:C\0\_\\\\Lb>z~^\r8xb)	O,\\D`C<\X\\Gx\\0aaa\$,\aafÂaaa\1,\aafÂaaFۍT77\\pȎu\a\LaaF\mF#*Z[q	\mm0[2E=\Z7\\\ڎ\m\}6\0ee\8rN3\aA\0\0#\\Eٌ\0GE\\Q\\\\"k\\u;\t\儁\!ֹi|j\\L>\.8=^q8\\{ڌ^\'#)\\8O\4s=vJ\w[?\y8A{Kl\\<pD\\\톣\~8\}yP5\\b\o\ǧ\'k[l\'\v\ƴaO\n;\O\qK}d&*,\aff6==\y\4ii\ʂ&)	gテ55I\W\oz;o\B,\\ٰ\\\7\\fP\6cӣ\\?\w^*\'o\\\<\<	\g\kǡןy\DMFR\C\\7\\Ánl2-\&\!}\\7\~*\q\\\:_+%-K{Ƚq\x\C\z_\\\>N\p\Cc\\\xh#v\:WK/b_rjt_\xH\킩m<|\\Xy2\\\\\\3Qo\\=\D=\0\|N.ZqDvmFT		pk4p\ˎIłb}\xR\OZ|\\\\\Q\Ʋk\\_	,N-7\\3M\\\o\Z\q\\\(\<2f\r9FdD\Z\ٍ}B\\Bw*\p#Y?\\	;b?;2Xh\,\u_&\\K4\\%\\Jn9	_|\n?xԌٷ݋/\חZs\Z\\-hN	b\W;\\e\-	/]h.Dߡ\c\G5ʷWr\Z\V\\YɈ\N0dۇ\\/U)Q]\Cڥ/6M\Kn\\r\q~:e\`qi\'\\\}\\8<|҃>MQ \w8>f\n\rJK`a {\Ŕ)S,\0L0:::p\Q̚5*j\*ToG0QlP`?mM&\flvrSħ^W8\tP\\^h!\\Z-\\"DQ\`@\\!\|Ӊ\9\{|V\(J2c\\l\\s\uXB,:	9*lCRF\buhkjǻ\lA\wi\\'\"lGYM+,S\rT6s\U\n_\*\\8g\09)\ZjҠ.7\yo#\۸۷\ǾMf\b\2\\~>=Lt\}6O+N\P]F\Z\\/n\-۰uT6Z\J\\\\Y\:U^\\\n^ʟg\0M<\r\\Q\\L\r\[ȫ!f6 \\oa\qlXWbjZ\O\\Z\\<x/Y3b\h\\?ܻ ;VO\\\'\@\*|\\\s`8_\\\\\v,p2&\%B\\\\\x\ms!:3\\ V\(ؗ\\ZRa\܄\Ӽh\V}\^\\u+\}{;r\{.Aqjq|\#8cs\E\ݜ\I\n\"4ly\\\\o\\b\BdDyL-U\mˋ4҈G\\j4t\<\VĨ|\i`F﻾=8X\\D`y0T\\J\vr:\~[,\I3\M\\D>X\r\\\\CmE<c\bA\u|<lBD\\\bnҵ\\	\%A}[V?ρXx\O\D\cu>\ֽ?뉧؛\hq\b\\D\ @ji)>\N8NlG＆^\?,^x\_xjg\\x\\`\\\'c\\/m\\\\z\Z!$yZ\ZQ[xe\\sxi\\x*7\\ŗ\\\\\[*\\"\\ZCح3>Cfn3tlsn\'J\i\HP\\)cQt\g\q4wZN9T@!2F!jj\\\Vavl\IqNͥ\ZE64܍\[b+mb\J4Xq)qTBJW\hP}1DyFը:\̰,xw_4	E):	6ԕ\\o\BY.\I\_2\pQv\>[H\\\Z(|@i8j\"QQQPB\],mnY\'kG.3kv\"\\\\'LTNV\\pBAz:\nQy :\'\%\$\I\[;:\++CfWDNSI\Z\Z\\\+k[\\\;KR\\=f|\\)\n\rH\rZ\\_\\?\r\'>9\i\\?~m3\_߹<ＴUV\6\\w[\p\=\')\~N\\߾\]ǣ\n\6t}\\%$A\z8`);\\fd\	\k\\R̚5\\Dk\'z(Cj\\\\*;8\ZlUdZָhMDEk&3Ź\%PǞ\u\\\B\\wq\^\\']Nݒm\r{\`lcC55BI #$$ɟfj+\\{e\u\՝}W\ɘbi>\ú\y3vg\\N\\x\P	\B\\%h\-\\\1#w\\\&5Pu\\Z\r\Xc\\&ނg晠RϭOp\iD\\\o\\=\r\\{\eh\`;\\\\\\Ti%Ρ犞#z\"71\չ\\c\E \'\\\\\\p8G%{&1~2s\\F\rs\ۨg9p:@&s\G\\\h4\n/`z\qcZ\nf\\M\\2Pƪ\0\\L\n+ل&u>훱h\L+\\Z\)D-1\w)f\"5\\\\c4;]ѕ\8R*~t\\\̧.=&\7~\7q\\\xN_*[l\"._\\%ȫX}6ƍba/KoR\3<gZ0\nve\X\"4m%\|.\"7\&\cc5]\\Zişv\\\\/\\'a\\mط\\'s\p\C\\K\g\\X\0t\R.\/\8q{_>zL)W\E\c\\\Z\\\n\K?bM~;*\\zֈ,\\׳F@!\p\Uף9JJ\\\r\=*\\HR4\Zd\\abL:++\\\Z\nwu5d\\-̙O\`6\ݡ) \WJƲ+PU0vz\u\\Pou\r*\"W<Ս\)\\/\\\=G\\XbJ\Z2\n\Z\ZW)\nS\\u񐏻w?<8K\ɟ\gx\n\gO]V\/*\Z\;\X\S038a$\r\@:\=h8\'r\\{<\\d)*\\n툫p\\\5\-FtaH5A%\n\\7x,Q	s56$gbԘ1C2:c2aѩNg\//\\6N<~x\t9\\Row\\ƃ?\\\n\&^g\ʹY\c9\nB\&`Tz*5h&:\Qgݟ1\\;3\̜º:ʋ󳊷?*\\VxDW\?/\"d\\bR\j\qԹ|@\r:\W\-*\\Z/8q\!l\Q,+K\+\r]	NԜ؂O\}fת]?gΏ\X5\\\b5^x\u\rŬ\\p8\9\	<\`\D\`kh\n.L&$w\jz\)\99=iiF{[;\n\\\\1#CX{G\\'r\O\\]w%\#REg\0V\̸	q\Fܼd2R\'9\\\~2`Fm\L`\\DUb*,\-\4\"w\^HH1	1v\lpٕ	hFAI-XSfbͷ㶻\\WAＲyN\cam\\\\1\\lWch=\1q\K\1\ƻ\\\{oͷBUu\\"\\:/\kO/S&_y7\\\q׍31&k*&\\`\h\r<;5&(\n<:M0μwwk3:%\\p38\}\9\ͨxN\3\hm_O~\\𯿾\i\\\Ϋūo\\'\QM\GG	m\>C\1\Fo\\Y9\ú\\XC\vmڂwWE\ӡw9\w\\7\\-ow\\\ؓ߄\n\V\=\Zan\\\]\\s3\\Vۋ\\,\ltZ>\փE컶\p8 ޘcb07\\0)!vrlaa4Nz\	|M8gv\$͏\Ha\\.\\$\]?q\*Y6\\7\m\  >\Y{\\]\p!j|~\==(Z>-~͛BFwĞ\Z˘\\s\k6>\>^4{z\Qώ=~<\L{<1\S\\RTF&lWN\œ\\\8^\x C[b\֭\^6m\\U[Q\}]\KSAi׎R%`koTy)X\'%\>(\iP8:\t8<\}\_몣\୕\1]O7a\iH(Sz\\\\؄D\\\r\\C\\0-L^\'}f30~<V#\\hio\>>m1nzEܾ۷l\¨/c\^\'vt\\n	1\3\p\;4\/\\uNxg\}X|Г\7)!/;\\ah{Wۃ\w:=\\tP\qکk\NSkD\d\\dao\E&N]h\"M\PC\FF݇\'.kk\=\7\\]x\\wY\:\O]:\H\\܆#\}\\']p\\\ᗡ>|\vqb4\"\iyո`\\p\#%6S220wh >>ogk$0EJ9\X{	Zv߻\j\\M4\~\\\\.ƨ\r/z}b\\k_\'X\dλ_ߊ5q#\\\\\.\\r\?-UGTӣKIH\߮ߔpކOp#\\\&^M,\:乼EC\\܋\؈xga@3R,2܀+F\'`X2;\n&{e`\\\O\\n4\\05\"<S.\n<e>9\ԫq\c\ر$t9E>ÔǮB!cvf\*\#d\8f-\\\m6\\Nd\Ʈ <b=tz5:\鶮k\#\|d\!L\\Cia\0;Ig\Ü?ZՅf\F-\\\ TPju4\]\\e\\t\n\\쏾t3G|ٲe꫑:\\GѪdZV񲓅\\\\n>ګWZ\\`\Z\\\'V;U\oE\\Gm(L\\0)~\~\.TЛ\'\\\,\	\\A)\c}\\q\+@.n\\p\	T,\p\6iW\\\OY%y\ry%\~P\\0\Go\\Yq\4!o\Z\`#K:G__r\r\O\\\`ec\X\cXh\r\\O\	\eeCíW\ELc=\M\ZhZ\\\#XZ#+{\A\cc\i{\xrq&&w٦\[O\\\f\\"\A\\\fϜ[o\^?\Z%\5\\\\`z*K\Y\U\gҧ\J/t\\Fc}5k\\\\<1nnh詣\unnG\\h޹\G$c\ܹB\ $KN<I\l0=@\\0V)L%3++[\1pl\\\\\wq\/\"=ջ?C,\S\вzՌ\FT5vX\"410\Z@GCj[}phH*={y3o%9yQ\qvE\n[kƟyv@WL\$\\\r0\\\wg\G\tu@A\re/׊iaҁZtjudD\[kkdZts\\\Rh \۠`ӟ\~\7!Sk\Z\\)9\IIa\\]KJb\^\}_|i?^\xch!ǵWhO\\\sőgc\1e/\f\\\שi\BJ!U\'C9	q6vOćb\\s/\Ai\\_4P\\ZGw \1Gҏd_:hR\Zi9=7-.\Z\hg.9J\jiA0?\,<Y\&\\Ѥ&bÆSб\V\`*k9\N\A\IIHP\\C;9g`T6V㝆d\\\\"C׌V\ZG\o/f`bI\Ð=g\\\Tw*Q\Õ#u,c\7\_aS9k\I\}=\\5#;\\n祉\\v5hf\\91sT[\\P]33.K&\êc\ \LJWV\C\\\\0\Z]{\PǠӠu\'0gXV(\(F\\|\\e\j\3>p\N\RRvٲÇU!gv\i\R֨s\\[e.3\4\P$M\Zi\B/\%aXJ_{Yª\@Μ-]lx%\\>>\1\~> \\҈\4鵀\\\R\\O<Y\Q\n\Go\\\\Sp\`\\E;}5\z\X\']\̑cii9WgOeNs0\\\a\!ќ>V^\}\r\K=,	Iq&X8~\ԥ\\̈;#&#b4\nHX>zL\V.4yzG\3/R*\"ZC\ʜސ6:}\,\\PCHEJ\\,r]\\\{X%;+\+\\++~\\\`3X\\\{;ޠV\ZE\\d3 ֨\GHgt,2	k\\գ\wёavbB3DvS\F`\\__N,ZY\e\ºhzn,\\\Zz>K^_{9;k`6#\lmEUy9م%g\x,(@\"\\X\\Z\kXe\\	\'\\\Z\r,\Ч&bHJE߸\rfĘtt=,~\^\B8^*:4\\\å\ĝ߀`q)\\8ĩLN\v\'g\\zѺ\ȫG\iAy\)\Y%./\R#\Y3qt\\\EHo.ESn\L<z$\FME֘Kq\-K`<,<v]\c\rIxcag8Re\0	:!\rIg\~t?+\ZP\x*&KZ%{xBQ8\\NB\.8rFC\85&^B\"kH(e\vҧM싦c\\e9\˄P1G=9\\f}#s\۝N2ٱ1YZzm\K\?\\q\\\XX]f\0\'ر\}ڻx\vΖ\(8UYS\Sr摺\09Y	H1*J5dRYc#TcZ3q\H\S{\nT\Jq`\X.ӳv\#ޮEL`|lv\ZYd9{}Q?\\vR\\|\Z`(JNB\u]8R\FaU=jKN\@\](*A)_\Y\\\\\\sa\͸aF\ZhbPk975*+\r\>\V\ ,gJUU\z\p8.MA}]-Hj*\\Ԉ:Z(;-\\烌\H\)3\1W>k\)\wov_\5x\\\<A\\gzN+\\\_+<?Ng4+p>_k>%|YP;}ʴ\17!\\\\\n\@a!\\ߩ\℉MԻK^z\'\0{	4$h\Hكdp;oxkq/ft\\yz\J\\'F\\v|e;\r\\iH\r)˓\\5y\c\\\rذ-<Y}\!\\a\\\\]0(\.K~\3\K/Jwb\3\bλ51贛\ ܳ\ryG^ò<\-u\nk;\'PX\\Ze*z\no\n\n\n?7<W^yo\\\x>/n\\ḑ\Hn݊V֭\Ώ\\;\\?s\(..\\p>Ͷ^~\\\	=\\\:vm]S\'NR_E\\&\Q\ZNc\\\2Pኖ*Jp1\KM88r\\\ZCOPYh&VBBs\\\\.E\zzr\iLdnc\\\\'\]w3f%ȱvk#\^3,\\!7	>wmN4\\\Ⱥk\rj:Նf\qMc/v\{*Eg\v\"\\\zG\1\Ұ\[g\\0U(M\\ؿ7##Nk\\\e\=&cI\o\<gl[`1}\\R)F|c05r\Yc\Y\⟷\n5\\a\\1\=w8/	>+o\[w߆oM	`Wr\rG!\k}7?u\Əcǎ7ٝ6\\,**^\o\\½r<b2Xt\\hp{r\ٳ\?pqvusv\Z\߽{b\\\\\	vX~\*a7\ \t~	s4y>)\p\ׯn>N뚃U\fԡ5\³4rĈ\H\չC\2)4(1JH\#\mnn*h\\(]D\Z\$t8x\V	C:\\"wt^X\\\DX\؇#Æyb\c8T6hjj\Ӳ1~\\\L$i=^\]\\PCfQZ+\\\	д}\\\;~F^\0\\*\)S!3\X/\r1xr&>z.T\[r=.\޷W\\\x\A]\*E\r2~\\\0v\0\~\'+^B#u\Әc\x\\CO!7\\6j\\׫s͵\tdaӟ~u\Xh%RX~8\\M/ߊ&z\\\8:\rzKg\"\\5\\]qIj\)C2\#\c\\Wabv2\h.ބ<c\.t\"\#\E\?\\\{$dV\M7Iq\cbl\PKg-Z$84&??---B\nڴi0ai\\3Pޖ-[\n\n\/\C\^h\\\gp\}	\\$\JG)S{BD\+ߕo8ěo),4B-X tl\駡\ƍ\չC\\>C$\a\	94nˉ\BQ2K\S\A\m0T.ҫ\K\0Gyr\Ĝy\\X]Tv-4\Zav\5=\chfY)Zj1.	)9s01mMJE\\nZ\z\2Ln\;5вt\\S92Ӳ\1<݌c0\!1)\rI\i\\\y\哈x\n\RiRx\v\IAz\\f,Mkt\Z7\Z\rl\nDJ9Ao\>SXZ\mC\k\rF\Z\4,q]\ayw1BKZ\GOô811Z3j\\Z\\F\FN$#Lڮ%-c\m.Ҡfq\\\\"ƒ\\3\\"\A\3F\"&\4~\V)\\iLy\(,aW\Ɉ\1%x\Zfs\e	9t\CGa\\Ղ	\'}{4<eggn\\~>\d\\+1\8\紴TF\rt\\AB\G:6i\$̘1v,\\Z\	D\\r38zxFF\ϟ/г\\\\"l4u\Գ\H\չC\铁\>Xʕ+9<)龢\Z&\\}6q\D\V\zTOǩ\.!!Ax\v#\\>\'\\A\\9J\3@\Q#\\r\HNN>k\V}\\_9\*h詣Gqi#p{\P\\ݻ\x\÷-aӼ7b\Ν\7ԈMz\yk\K/	R\C\JP=+ɟ\\BGφ\>r#v鋯\O\BwC\\x-l6\r\4\CǆTI-_<\\ݏ\r&nV\ͧ\;ԏ;VC\ţzZ){\KKK\v\~\Go.r(}rv\"z\\މ\'?\:.]QFv\[z^+1\"Gq\9_b0!\Z\\!V\p\:K==h%He\ZC\3}\7r\;U#:!\#\\;k\7\\p8\\\\pD^ꡤ7\+\\	555\Z\\\#F;Q\rǡ\\\\{\Z\\\\\Ѐ\{z\n\7\a~\!}ң#aDXEC\"\-\k՗\s\R=uV\p(\@&5q{~{\й\zz\jV4d.1}Mv\=\ܡ\pDJ>S\C/|r\i,M\nh\3&͍9Rn@A\za|1Xt\\\\F:\M駟vߗ\z\P;U\pz\E\nkǎXnn5\w\!7\hs\@_(1^\\TG\\ng(B_\K\\nx/\\s8@_\9W{\9aU{\/\A8΅	\r\ް\c$E\Ц0-H\ΰ\1_{\5\߿_p{N%S z\8=#\\\S\Dx^\\պœ\9p\\Z\\\<\Sx\1{\\;s8/\'O\< |e\)	Z\q3gB֠\'+j\\\\ђ7\|^$NG\\Q:|ܱ\*h~	-\Ls\\"烞\fr˪\\1s\l\\|š/\3\Qe\\K\3P}ʤ\z?\\KM`\oc)O4f+x螡ύ\\"l)))\=F\\X\\\^hUop{r\dYz\\r?\\ͤh,)X{\c\\\Ƨ:v\ZA7&%LziiKz\i>!9y̩i`X\Z\\oL&lXHtC8z~ir>mF\BX\*H1Gf`̨,$\'%FOx}u\\8\ #O\\\꠸\Shؗ\\믿.(\pz\ͯ^Z轣\nh(<b\\\\SGM]\\P\\DOٰ1h޹\G$Nrux<(E=lcc\c/\rXX^\\\#9@\Z\D\\\\8kB4\\:2 \5Lg\rT`L5n;g\YWT\\.ƧXP\sE۱\h9\<rL\Z3c쑓\u;\OH=W,\\q.;S\\\TZX\']GYh\֜4\|wAbg-\U\\g\\\\s/^p\\ I	Q\\JZb9g :jPh{4\A3\}]\\s\5ܡ\	94vɒ%BO\@\]{=1tP\\nn詃\\569\\nȇGK/\wQ\Ԅ\fĤBb4\\k\"\'\QdTg\"\lp^\\_?\\Z\\'q`\5W\{¢acB\(iڅ\Ư_\\\/ߊl]\\\c\\7\\¡\0\s;>x\Z\nk-\\Υ\\۠\r,X7]>\Z\̡\?\{uYnğm\H0j+X?X]\0<(B7 \E3a\-\#Wĸ\\V\|t\}\'#ΨE\̜z[(8_\s\B=\nχEG4\QS[\zT7\\^\\h޹Vԡw\\(e\rc\\\\W*A\J-LCPs\Ʊ|]\\S\\Z_~y\㿿\,\?\;U\柂-\>?\\\\J9~I\ݗH+I%\߉mw\o\-Av|,b3BaaxblYq\HcG1~-\\\r(y>|\1\:<q7\ \a!\?\d\8~w]\\0\\0,ߏVc)O\ؐu\w\\M.΅Gء71>Pr:\1H%ν\78\\RRS<ҏ\Ά9\v\\\˚\"%$9{7\E\le&\\x\{t%\o\\;\\?x{.xV\oL)\b\\TcwbͿ\[\`\/W`\\7ኖVLq148\Oߋ9Ӓ\:tU\HIÉCh\a5bR\7r8w\9\XFZT\\Cs\əo	\\\ֆ`Eaǩw7%\n[kQa5\\qr\\8̅\Λ&\\\{O\B6\J\\x\\\}{\a\\90|\B\\p	\sJ\flx\x\;q\i\ CQz\*q\\?\3Siנ\u0gDL]A%*d}=7C0b\0nN\9҆\\r\9p^d=^\\R\\ M58\\\T	Z5̩o\\@+{oyOa!,uuHeqm:]RT\_W{/u\nU\dLZ4,LA\\y{B,4n/>h痢Mu-\\ջ_\eJ\"O\X\V,1#=ە\\l+xuz2䨟MP*C%1Z{ޫ\B脪\	GЇζ\\2\0\LI`?\\r\{q8\\\@p\}>T77\dm-N2*L\-U`9\\Þݟ	#\nm\b\d1~,f\漷\Ŝyy9\\\\3\mLtԠ\\N|\rI>}>\]<fҔ\| $:}=\XW{k\@\T%~\\}/_N\\1H	E鉤3	^a^G\ӨchԻPPU\\_t7\njP\\dy\}~?\ZZ[$\+\\SϜzz\\.QX\0<VI~V?|\,o?KG8\|Ԭ}K\ZB\\B_)3\<\\ym<\\4\\\r\\o:\Zc\\\g\D\\\zr8\\z\5*V\6\\J\\\[Vc\1܆87&v\\c\m۶a3m?\-\Z^wKQ\@\]x\oaV\ٶ\ӸwpabPz|vC\d\@Ia-Ji2n \\hTJЖn\\5{!\s\ǭW܌n5V\\\"F\\p\ܡ\\n\@QP\\B\noJ\n>,*Bi]\H^B\\w_dl\m\ph\ra\Ӊ挆J\\6!j\nf^2K\!2ۇ\\\Y\\[\V׹GY7D[y^\Xq]H\xEp6TZe^K\]<\r˖N%3%\\{\Y:LYo|\\\\\\p8_\ԫJؙSEZ\Z\\\v$\\#d\<-w\};/\\]ýgڜ(C\\;%J4:\}b\chz\Ż~\V@=1VO)o=\؇}\܌})f\\\p8\\Їp{<(GY{;t\ɐ\\n\\*gۘcqM\rN\\\é\rG%x&\'=<͙\\\\\Hp7\@\V7\z\/\U3O>\>8Ft\ل\FhG\\Q3\Z~\~Vn\\X\ss0\+Mvm\\\h݅M/o`e\":+QW]-%JN 6yf\$}\\Y\\'!1\"L@=Ao\z)rb\0\9Η9j\niw\l\N\T2v\\<5p\\s\y\5{	<;>ͫS7\Lw\\n\W>Ŗ\LEuV\\xq0Yx\\5 c\tB;Z7\\\a46fa\\r7\)\Z\Nb{\|8\r\ѣ\.\\JHG39\yC ƏdWm+uڅ\\\Z\3\jT8\\\\%;\ѿuJ-՞ֱak=R\'\\a\\0\gi\Й\~\\]}?ݎ]\\jSaP+В;֯\}aQ\Zh<\W}\\\b\ZJ[N\5ݾnY+F4\y\f4ޅ\uQzxaW:{@c@[]+6|tӫiK%=*h.8՛m\g\uJ\%QxfGU\\\\]j\}?.\\\\$=-\4L\1AW\'q\\\\"ۀ&\\0&ٌ9;>9\\k\\M<^v%E\:\\d#kxhQX~\\PPx>zc0\\\:\\pv\}mp\#\l\\r\ZJ`z|fN\\h?pyO	\`\0*+td(\{w0.\'&\a\dr\\kw	\@\}\DΘ$\N%9-.\i9jGr\k\vn\Xa\HnPQ/\j\2\S2o4A-R\s܆K/\ \#ߕg\"\\j\"]\Ɉ#ŝɢy\\\x\r\lCR\nF\r{h\\չ;!+*\\*Y;NN0KU.vny0\ql\p\n:VDh5JVw`\\\ 9oنO>;\#\q\H*MCV\㛱Õ\|M\pĎ\܏\]\\\E\ޣ(\,3pl\\\¯\@#MI\ʲ?ƕk\\wSJN\Arɮ#(f\0WQ	~\\݆m|XRo\\/n;c,\\h\0lR{f=\$ X{\0{\95%\\ntb,KV␜\\ZMn|f1\\\7\\ĩJԌU+e$44LL7pb\rTwΤ\\\\8y\qh,+C9\vy\1\\\Пa0\\\:\ա\'\i\'\TP9)M\GOgHf\hgP*e\\-3/~\Ls\nW\\1W\P<!\\\)ݜy\"\K\Ł6\\a&Kp\W\\\I~,\\\\ruɔqdZ(c\0irZ<gZ:iFfp9F΅w迚rH\I\$p1	#֛0}1U\z渗\\\\y\]0\\]S\\\\`aVv\\ŊXw1u\\ n\/\\G\\c[\K[\C(hFiXp\#1	,[1=q\rn\f\\\\\j\,aP=h>\w\\\Z?y\\\\MXu\4\\>\)>ٸ+\oa\ơV\u:~\xYk\\ᡗ\\nƛ?	\'5+<fH&;\nFh:$@\\GYq;\+t|v:f^&ouQ\{wʢf\O/&\wz\SI$b\bF,7	#&&a\\z0babF,7	#&&a\\\$p1	#֛0baI01	#֛0babX\MIu\3\\0\\'\M&a\\\$XD\".&a\\z0bab&[\p8\@\1(>;Wme:H/B,>\\_\\ŋ^H|\Qkn\1\\cT99蠭Nx** ;q9\0vR}B%ķ\ޏ\?ߊ}dŽ]{U\]\Z~\\|/1\>ٍ_;\v\}\RP39\\cC\Zۘ3\\y߮(\0\=\7sy\^\|\-\\(\d\mG\\\o/\%\z\`j&f\C\\w7܏}\\\ǂ\	H`\rƠ\n߷w>q9.ˮEn\<wgmi.\Ǒ\\\'1w\0[^;U	\W\ ӿc5ZG^K\\W\\׋q>[z/	\\m]\n;-\+\MH7q㺠\իW\;\z\\AG4\Q[WچFԶ:P\B6\;\ad̝;W\\pyf\.i\BJ!AD|V\\\:rCn\"\'\(\J$\vF{N\\\bqzJ1y\\\\\:kȍ]b:;=64\\\BWV,\'9	U\nh\\aX_!7\F\	\;T\@r.\Zw~2\Z\0+q՜14Rʲ8̙\6\'\Z+\^;6}~\U\y\IVhVUI{e6,z\\\Kfu\5a،ሳ\ަV\xW^ŗO\E9z8Z\><ָ\SK\îW\nxtj\d`\űhݺ\ݏ5JsRu\1Lt<ӹ=9k\\rt4OjpS\_M\?ƊqlߧXS\\y\05\dČY{rs\rr,\\"v-mgb\ V:\6Dx\\rCx|\`\\\џ	\\i	\\\\&&.\!7\P琛X1:\rF#b|\\"%\\EJ)LB\'ZXT	qt,\\\ccc#\\GLM\v3H\<5h\'\r(\\5[P\\n\XX|l;\Ҟ|9s)nv>\6@\ h0OA\m\R\0\'#\UB\.O\00$#9{\Z\A\\9\@~\D\\\Һ%vr1^W	\\9j\p\%m\0\\T\#\\Q\\{pdo#I\A\\c\e)A\	H\1g|f\IF\%\E@\3d\޻\ћ\\\\Y:X>eL,\rɹ̮\p8\\n\=Oϛ|%\y?r\Wэ\"ЅѨ\H0pYJ\nr:;1]		\\*\4\ZT\\nas\m,[m\\9caK%a\=\s>/\Fhd\nX\b\\ؗ_Fم\\۰k\6\\}\Zw\\.x{\r>^kCͻ{g1:ff\jz#iԢ0ӽ}v\=\Xs@:\&l\\\ά3oƦkU\\-<\\n\z\mFk\	\e\.\\\\Q\\1sTإ\+pB?bYĎ?RTh:rEn\\8\\,${p\h1j;\\p8\;= Gxgea\Z\\\\c\\͙g(k6`\_\\\e?\߿\gZyn\,aq\J\aJ 1FʸL,y\Mx\u\[\/pwh\\*P\\\`;.\-]@{\8\\uFe&(1 V\ne\w\-w\\\'Lb$A\\"\K%-;ݍۯ[\ҿ9\3o\\D V+\\\\莼\\0N<S#ֹ\\\\B\t\'s6и0Y㐭aL\Ie>;}`\+\\>n\h\\A\\X\\u\Y\\p8_c$QG9^/h<zCCb\"o쏁꠬9\-ԗv,[W_}Yb{B)\\'G3Oԕ\\\r;p5b\k\@#ci\h(F=MbedQ\陗9\\0FN\\r\2XnL^\\݄z(Tz=s\P+50Y\\.FsYe\\KrbT2(:]p9]hh`D--Y\X9\47d\r̙omt\n2\\42{NC]z3&,\Z)\`\Dl5 \nAG\\\	f%\lfe^\R1ZXMh\,ᆣ\rR2!F \r8\\\e8\ɮg\ P\0\=\l}B\\׬Y\_h\\r\Cۃ\#\ZzꨩEu]=\Q\\Dgr6w\b9>\9)6U\'C9	q6\\\C\\չ;ܡ\b\\\:C\\\\5\\Cn8\\p8\\s8\\p80ܡ\p8\\p.`C\\p8\\\\IXv-\\ㅉNo\\\\Z,ZH\x(<b\\\\S\\>))z\0\:\\@q[ZZNo\r\Ax^pld4\nk\.\\EghB-Q:c\T!|\`\\\\r=u\\ա5-\H IC\\\\\n7˃\l29DO>	&#\mV\\\B\\չC\ZCON\@]K\26\\APR	}	\E\=|>pM2Ep\z\R\\\\r{p{GO!Չj\4r\\\\\:\\0\\ndXHW.E355\pHN@\~Vh\qpգ\\J2;7\\bt5HH\ҏO\ӡOPa\}|?WŽ\!5\\\*\\۷\(	9$]tp\r\Cۃ\#\Zz\8!7v~3{,-/R\q\NME*\8ӝ?kHh#0R\c|\0{cK\1\\:v\nyP(\\F}/N\\\_dY\"v\\!W\\\\t9X\"\0>v.\'ȻN\\\0Nv$\\}\~=Y\؟\\',ucȡ\n\KH\ODؕ]3\\1g\\R]GGy;\ڲc\ݾ\y9~B\\)\I]\`=\nWy/e|r,kv\"\w\\\Y^Ak\fil\f,O*%n\ISF\\\}_{>\\)GM\\p8\\r\WT9\		P͈?[]V9h\]|\%\4eE0,K\\\rE`<V(\ZBl\\0\'Z\\pF(\\Z:\t9\\h9~o-\\'\r[\K6J\spt\kX\;\ұ?\}W2(\m\p\'\\\vZo<yn\|\4\\6\Mߍ\nŝ\z{y,\W</g\/7\\?\\7G\\O{?wx\\\qHS(5\\\/GAo3\a\t/\%W<e[å	\7\\\sC\\p8\\\\󡶥ǙӮ\!3\S(\a⏍gp\r:q~aZPg,z\nO2y\޶\\x\\\.l$fLH>tΗMJJ,n^2	Zeq\윞\!\nBEy\]\\Px\\\؄vPv;*6\=u@~g\\<T\D	I1<б\%>Ė}#5nx\\nƠQ3\x\1<Fv\\Ml\\O\(؂O?<b&\|\1\5cNN\)Cudy;YF|-iB#sػ5z\\\\T$\\\ӗ6\.µqrw\n\q\1&\緭 }]@Y\'~Ǿ.߆q\>!ߏ\\[9\Z=\\`/Yw\\\3*\\ Z5f a~\\A\"eee\dp8AHRSSo(<1tp{p{DCO\;ph\'O\h<\f#\r&\	S\Ԅ\\F84\Z\COμ\'\'U\"[E\w[4z\\<֊v\r=ǏǄQ\0xkP[ZCicBuy3d\n),q\}.\~5}>َ]\npZ\T\:c>\]\B5x&dp\Ƈo\\'۶cb\3\.4vl+B\(:+\w?W\q	Ih2>GA\ޏ-L\Νy(ű\ͭ\n@aA\=?Fr\}585\JԻp2/QU\\\)m\\GA\4IJ\rvbo^9\\\P\\ZP[`\\\ز\F01ꞯx\Z\chn,ÑY\To\g%AT\Z&\Ƌ\\\u\Q\G+\;g_\x#\u2W\Q[q\)2Zyc\r+)\BA]k\_M\f\\X}\ؘ\\칙\d\Z;acذ\]B2\Ob28{\KeQ{%(8܁\[!+݁6\`s\nn\<бk\\\>Sb}n#\2֌a\Ә^\ؾc{3\/KǏ\\X\\Pꌐ\F{])iXX\\oJJJP\\\\lCR\nF-7}\s/Gtgq\	\\\(,I7~\\6\nlz\hZ\\\E\\r\hDs\\\1\Zn\\^ \e\\^n7*\Z^Ƣ\`\ln\]}\*\Z^v\޷\\w\>;\\\?EA&\[X\|e˷aF\ԕ\\\\}-k\b\\[Erv\s旽\N/GO3Kb\2\|\\F\\,\av5j\"Y*T|(\Z\b\֏\\#8\\Xᚕ7\{kt.db\Q\\\W\|\,_W\\Ǌw\\[Y#\ݽ[X\\;\p\0\h0\Z3:C\ls\0.\M¤\Wj\ }0;C)ĠZ\\\Pi\t,y|1Ƴ\aUQW/@೭[d\lݓ>0\@^h`F	VooQJqf֞aޞEǶ\p\)O➹H\T\0ݠ\c\\\Gp\\r_C׏96VT	\\\\\\\G\N	kQ먛\C{(\rq6c:\cqq1\n\\\v\\\p8_iqqf2\\Q41ǞfV3\\\؈\\\\؛\q}\QaU\tu>q\{%\\|\g\p\p\\<z\lٸ[^X\n՞t\N=P~!\\Z^Xk_W\ï-/:\ף]7\P\b\\h\>MC+t\LL\xVnҼx\\QN\}<g^\#M`\\[\Ƈ\\aݿ\]s\xe\~a\K\\\u\Zz\}ۣ\<_S\\\\g\\\?\\\\\X3\X\\#>t\\"!\\BY;+q\r.h\Oe{5\Xa+eN\'(*\ΜtXrǽz;:\\ދo,\\$\\{\{K#\\\`\0AGȃ#\p\\DވD$Imc}\r\fƍˊp~\?p#o/5B\\\\EjC݁0\_x\CxE)\Z;\o1AE~Y%~\\\\}*c<\\9\ɉ\tK3bU\\G\\\\n\p8/B$\\O\Qq\j\Ɯ\z\GsF\\v}eN._)io<^zijGĬG,9}RFGE5\\LM(G]΃~)&栥G9\?\^4_,\\\\FS\Bt]\0gODEGLמI({dr..:Sox>	%\n5j\\Zkܣ\;\Z̿ز\\n\:Dz=6\\%8U=&\(2GU{pȕ\n_~#-PO\\\Ԁ24\V\-\}/\\\wnk16V\\;o&\vY\'\n0A<\i\^\%ٵ\r{WKf\\%3\}\Q\\\0\<\/X\\o\ڣ0uŘz\/ڻ\/_p\<n#Vy\K?aM^;*\\3ި3\"٣=8_=ܡ\jC[s=jZY+UӅV4\BƼ\2N\\\Bo#Gp\\1\7\\pH\kAE͆I̱שּׁDsi)\\Ր8lV?e0g>[,a\>z.\94\e\\Z\a\\_\\__\r\7?\\'8\\SR\R:tN(~x:Ui\ɠ`\2\d\n[\`+c\\`<S\ZN-=+!Sk@˚S1䬁\!\y\\oB,}\)<}\\HzA3\,\Ȑ\I\~\Ο<wc\$g\2\\\:|\J\\i\hVޠ׃\q\Z,\7x\\\\'^ϰd	+\m\B\\C0;.R7ɱQ#\Z*We!aڊa#lQY\\0Vu:x\r|\\\o\BFQ{\'4qza\rowU5\\C?\Oԏ\S\Y\\/\\˲!\ nd&Fy\Aְ$\k\Μw,=n\XX\\я\|p>\f4\K^Vɵ;\\\Lx{\\\D$&V\\0-)ˢKjhX\ߞ\Xx\\0Cd-L\\P\Bi7\bTC.e1U87\f\Te\6\3\\\\%|\\\kk+W3\No@\;\rBAAN:Rb\=\ \\\!\d0`lB\\q\r\r0zhۍLI\aZa4\Zl;(ڳGB9o&Ԫn\t2g֑9s_Kg\\mDMȭw=r\ģ\Xxm\\Z`GK<h\\0\\MhtaT\Z\rv.8kР\;-A\[/q7\Km&\\)>ˋŤ\n\MK\MbJ6M\hg~\	{E}\[\\d\鉥\1gE\4/,_\\`f\Z|\\\\Y\l\R4W.JBK]\r\nJj\T\B<W\tn^|sh\Km8\]R֠k5pｲ\rycDJmC}	\'\ɠ}	c)nx\\nkD\b\\\(g)\\\ӋZa\\ɓ\\\C\\6vљS0q\8Ld{2\\\\FS]Ksޙ\nmFGGiI\\d\\r=\Ww\ALoCJj\Z%\ag\\4\ìS	R[\";\~\r4MX\n\'9\\VX,\Ag\'\?\\ZaԚ`Kf\\`\A\*n9\IԘ\d2Coe\Vؘ\G=\\"F\\W!.!\"5hY1Cr\[[[\Ǐ4O\\p8_S\<sL\'&bZѬD+\l\\4[9\\ӌ\سu+	%7b\\'GQTĬkfV\"rsNWk\\\QS1-\\0_\ni{\ray;\0*R`i\v\hc\\d\Vl\p\0<0.Lr`Kb\\[PkB\ec0\\\Ԑ,HDѝ\u\\ 3\\][}\.B.tv+\{NHj\]۠t\\;\\\\\;`\\&\v76.G\=\nA4+<t\"{xƟ\䏿t#Fz\Q[P\\O4qy$\\<9}/\Xu\\3Q\w_\\O?\F[q\ZծФ\ވ\"/-hD\0\\[\!MY+ww]J\PQ:;\|\\nY\E\Zt\\;lzvolݴ{L?iV%tJ0.	YˣjqD48rbNwX\MI\>NՕ=P2Tq0\\m02Gڊdc\0Ҷ\nD^i\\fqF)ګw2\'kP\!\`=F\nw)Tյ\!5\`ê5\hhlGKɜw=Me(a:N\.5;\'	E\̙\+F\\Ѓl\\\\"\\\\\\r\r\~H\\\$XXoF,LL&a\\\$XXoF,LLI$b\bF,7	#&&a\\z0babF,7	#&&a\\\$p1	#֛0gc	\Zz\\);fa\g^Ruw\8\Ww\B,&Kzaί\'1\'mJ5v\t@\\xXܛ}W\P{wP:\.\\;09i\hLo\&t\A超ᓢqSbdJ\"uHPhgudR	\j\n\\WP^ǯ\\P\\:ΥN\i֡N6}>nf?0z_\p4?\\\>\\\T䰴T\2fh*_?\?\n\\A\ex\\kn\\ｉ\b@=R,WN0ھ\\o]!+\\cRL\̉-@QKk\Y`~wS>\O\\QW,\e\n\m/&=WM9\Z-L,Β(UU\\5E\i\x\\cߎ_\,\;ц\\\0<\0X?V^ACꞿ[7\C\"d\AL3\a\n֢M\HN| K\\7	#֛0babX\MIo\\Cٹ\Ğh\\\ES\O\\\/6Bel\"Ƨ[X\\\(w\\sV\rv\\\4\$#9e\P\\_[B\ne[|uGņX%:ifyA*ZrRt/\\0[2$\\V٣\lG]˚\t~Av\"\P\"w,k\\İƁWC\Z\\=\4ĆvK3#{RК)))\K\\'\\\\ɓPx>zc0\\\:j\\P\Ј\Vj|RHԼsH\ܹs8AiPJ\64ə[%t\4Yb]:\*1\ZH~4KLƔ?zu\mJ,16\#\d\͜<l@\r>\5\\#t\i\#{wtBVC\F\'	Fax{\<+cZعnnCE\\9N/\G\p5\\V\8\nZ[e\rhkf]Rָ速\\BOsTf\\c`а;\0{7v\\=?t]T7\Y\\s\~p~{\j𴞹tu>;VvICAUղc\\\2\h-PZl:z\\g9\䥵\K\xK躦tG\\homAW\I	QP\/\\\L\GLo{і9\'^\\9-l<Î){y6oތ\0\Z@\1$(\#\jA<F}U<\A/J\\rOh\'\4&f듃\r\ANs\\\\>C:V\\ 6¡o	\!=\WxЧts\\	0\\nEm\Dǉ\?,\D\\'\\"A#\sC\\AVY{X%\;Nv~{@\ՌDs׈ȀہV65|=z\BE̡\O\q&0\\!C?s\L\n\Go\\\\SG\r9uoq\\^C6*\\'V;\!,W\xc\ֵ\{\Q<x&۪}\q\e\\7\ۗ&Cǎ\vt\\$̙ޏC\\s/\'@^~wB\\\'\H,\\L\EqtEuai>E\	X\xKXKS⁣\'zЙSO\\\[g+|\hm3֨e-uv=ߝH}p9|~C#\\\pw\\ڀjTUנ.	;_\\\\\\NF\\Å0d`!E\Px>\d0\\\)\:X\Z2&R\Y\\\0̙3S\&ghD\\Kqǥcj\A)\Q#&}c\\da\@L*<G<E>ob\\s\q\\;jt§:\~3g8\nG8\eδ\	o*\\L\S^\\N\'\\A\ĩXQXnJրXFZTբC	\S\nX31\72gUb7R\r5mt	@p{\\ppdPzt:\n9GFff0\&p8\`f\1tz\Z\)@KL\\\_\׷LƘ\M{\\7ߺ~:\\kw\#P\Zl%f`dQp\Z+vı\Btv\\`\\\"H\\\\68\Q\bδe)\|m`NGu\U(h[j}d2\IgV\0Ye\"\݆\:\\P\;ɠ^چܢ:z0d`D\QYHja0\aO)=\nG&,sw=}j3\ӧ\^z\\p8\0h\A\@K544jETe\\t\n\G\\ڗ\It\?OD\"\\\\Tg@p\})T4\/[wJ!+	\\~\\KdQ\=I_\\ kC\\[Bޭ5ENn 3\\9H\\n\S`\r\hW(\"\\\|@Ɯ[䲈bBBcB\\\\\<\z.H\!\`\\\\r=u\\֢\\\tw39k?\\9>U\'C9	4>^t\\\\\\zG\\w1Xtp{p{DCObp슀0\\M-{nj|2xO\X\\s8\"pۃ\#\Zz\s\͵\'F&3Ԡ\U⳸C%;ܡ\b\\\:zs\M\5h\f;_r9X\\p8\;\\p8\w\9\\p8\\\\\!\Z\\r\\\^V\Ach3\'v¾t\x]v	\&DNo\}D̘1*jH<b\\\\SGM]j\P\Ҏ*\1|=\=\\\'6+\qqX\\\\!q:COD\moo*dx :\0ŧ\m/\\\ݻN?\'s@s\n3:\ɁS\n@\]{=1tP\\nn詣6\\׶:Q\BF/͡\\+PKt\\r8\	r$I9gL}2{^p\\q迊\?(\P_\rUn>ݲR3<r\w\r\'\\ T6؂͸o(<b\\\\S\W@\^\\^\@Q\LM\FpT梺\\P s֎\'\pذaB\'\@˞Unr).B%~sںTp8=v\=\\g8\'\Z\\Z#L)\1z\x1Y=\E-\9䰶\\ضmi΅\s\YȂ\\Q;2SWC\\p%\s\nU\n%\nh~-np\"p=Η9ԳN=\yyy8r\\\;@RL&ErR\"J	sڨF\t\	Y-\#t\\\'Z~/܎F4v\\0>7\v4{T`\#1>^hKLDĸX\h\\X\"Ae5gav&-\"G>HiL\'q\`7kd:3Ls\ZpTmD\f\-zv~LW^\\\'ؑh3@djhL,P8\8r\i\\\fSPVV&8\s)&33F2\-ONN(.wިUa\رQO\p8^Zj\\'&cXr\"\-X\buP˙\\$\Yk\C!$2\\zv$٭Y\\1C=VĨ\Pk0`OLB\\U@k\Z\	6Xbc\ag\=9\+,A\rR\\[2k\0:̬c^u\\9^W[\'Nmmmm\ד!\\\$\@=rO+4f\h4w\<tн6C\icF\q\9?\nAE\)6\\\ÜiюdjwjKp-@ ȵ\-\y\\\T҂S\-,Gy2]<-jQZ4xU\\\'eιU\GK\\HJe\FT\!7\6Xc01\`f\r\A9t\'KP\\\C\+O=\'&brIoeʔ)HMI1\Z(n>f#aW{\\'R1y\P(\\G}~\,H\XP@o0A*.\IRC\A+C?\G\t\sJT\nO[kQ\56<6}\0F\ֻ \\@\\j\\H1\Ggbt	\nj\ny\0C	ӡ	\D#Z9W\\\1q\D><\U^8_>Cҡ\j\9\Y#p4A몃\\\0WpP3\Q\\:vн@Dffpp8\y&;\z\H\R\LK6]\9\,&\_޶:\UW%E\+(DAm;\\0:]\dJUR\\J\;>?KO_ \&4\VKQVR<\W59\(u (U@\8Ɇ8{2Zr3+\v;rrr՚\\1g}V	Y4c@kfTq.;gE\\\j\\*FR\n~SX\D\酊9{ʠˠfӀ@\^\\$^ƛa0b\\\Ɔ\3\#ۃ\#\Zz\p8L:\p{\\g6h\r\tDo*#lZh\\\@\f\\XcG@\0eN\rnXtR;\\p\#QCm	c\\r\YgΔB^N_3\Z\\\\.t0g\\\10Ě`1\\\\_.c턠\\{$\ZX*Hmhmai4\g\	\}^~\ˏ\\Z!t\9|\\ &66\\k*͙ >--\r\\\0L\hyX\(\\[\\R\c4jXv[\^_{9\\RbP9hC\\BtçTC3iO(R(}\[+P\\:\q.:z3|]\\\+V\\K\\\h\\\\\r\\c\\\:\\0u\r\\̩Fڛ\P\\CQІ\jj4iV%\V\&ȓ0<\M-hj!\\Rm~\Vv,4Z\Z\\Z\\\R\\)M٤gkQ\*59R\\NԴJXZM-hk-A}ntʘՅrLV#b\Ax\*Q\Z~Π|\"\_\\JII\\|\X\)L\L\f\Hfa:\VQ\\P\\\\r\\\qF95\r̡oC%z;Sv\Zb3fb~po \\Qc*\'v\W#\H(\[G}u\=ZXg\"G[+P\Ќf\nr\3`P\\𣣺mZ;\\Z\X~\n\4&\\\p\1\'_֜8u.8\E\\go+\\Z\W\|\\΅=\CO\Ijj\\y֜\\kCo\f\ס\չC\p8gW4ܚ\gb 7\n\ў3Tup{p{DG4p{tůcNt#j[I!M\S\Keʕ\\\*;\xa©A\\rt*(d,bЇ\2yEy\@\'+ӣPʅ𧣱>ra=\N\iJL9s\\ήi.\}	\:[\:\%,ȝmYZA\\pg~\"\WLz\ӡOPGՂP,qx}u\\0_8Bc(0\̒b\|`0ca:@F2Tup{p{DG4p{t\!5-Ty\K3ut=\l>Y-A\yZ_\\\1\\\\\\\\\\gtt=\\c良\58\\p8\\\\s8\\p80ܡ\p8\\p.`C\\p8\\\\IDG4p{p{\M5x\z3M.ەF>)K.w\nnh\\\n3:\zs\J\춊;ÑB\ZA\\e;p>\Aۃ\#\Z==\\aXo`hsuCeEP\Gr8Іf:O#dJ	Z\(\r\hX\\\(8\##YgP\}(\\o\\p\@\Eg(\\\{\nnh\\\n3:>\\\'O݉6_^K\n䍕*uʺ\eM\R]Z҂Яޱ@B\\/\EO{(.HNJ\I\äc\\I9}\ZlVk(8:rH\S@\mii^z+܁\\\\n*\\[\U\\\\\\\]=ǎêUPW\\05{a; \rޠuH;\ri\a\rjʊPtx7ZK`\\1a\ș{jF\(\|#f\\{>\J\rm\M\\\Z+\\\\ɓx\s/#6!\\\.\\ (\_姚\r{p{\P\Aq==#\n?$\Z5*;n7oF̀S/A\\\\MkP\Z̘1#tlv\څ\FN\˯\ob׋Yf\\n\\|\K}\\\\\\\\\A~\K\K|\ܹA\\`a\3\'rHi{\r\N\\\1|\7y\a\rv\\\yyy\\\\ס\չ#\\p8&\r8\Ww\9\\nh|\2Q=\\}\>gP\)\ߊ[\0\W{z\\p>r:#B\n\\=\\H\\rţb\p\\k\>@\Zܡ\p8\s\S\\Q\U uB)@-c\\\<B\gNK\*DA(X:\\>\o29\\\\k;Htp{p{DGp{|R\z\O6_ {־Ym1.0\I[@ >\\:\9\\eFi>)o\G9C?Htp{p{DGp{ܡ\/.E\Q>v\J\\e\`9Ed^?\\\)e\\*ʱ\ӏ!u4\\Sw\w\CPo´K\\\\\\\O7\0\V\\=C\7\ܡ$:==ۃۣ?=\8\'N@jj*ƌ\Z~Æ\r\dN\\;~Æ׼9\Q\n\"\rj(5r\R,to3vZ\r]\\\*ʱe\\(/*\jE]$c\ihDJ\\\ry\=\ˡT(;|\\r(+*D\\MfϞ\^8\\ \\\\r\\\zEi3\\i\\P\\_VVq\s0>\'		\7ȱ8**to(-j8\2Yt\@uP܁\U#?/\CMM\r\\X\Zؙ-&Nq=έԫ_XPCכ6`\ײ#F`޼y8qb(D^_{9C?Htp{p{DGp{ѱi\&3g\Ű3\N>\\ͥy\m)-\9^Qc:\M0Q;_U9N\\\"C\\3v,FegBz\c\\\0\\\su\I\:\\3\n0i\$L0!twx}u\吰BCrÅ\\r7PT@ڂ\Gۂ:==ۃۣ?==ۃۣ?=\rH\\Sb\'GO&\\x\rTAz(~\U\\\\\\r\CKG4p{|\!ap$0\̒\\\f\x\rTA(~3nnh\\nn\\n/| \\\\r\\\\\r\\\\#f\0\\p8\Z\z\\p8\;\\p8\w\9\\p8\\s8\\p80ܡ\p8\\p.`C\\p8\\\\p\\p8ù\=\\p8s#ioovhǩh]CUZ\\'\VCYGp{p{G4p{p{Ǘ[ICC\\\AJP&	q.\\EC\K$\Ѿ\:==c(\\\菡ۃۣ?Cp\=H-hk &&j:to\t:\BF\P\\\\r\\\\\r\\\\#\\p8\Z\z\\p8\;\\p8\w\9\\p8\\s8\\p80ܡ\p8\\p.`C\\p8\\\\p\\p8ù\=\\p8s#ݩH\'I\$X\MI\$XH\\\$XXoF,LL&a\\\$XXoF,LLI$b\bF,7	#&&a\\z0babF,7	#&&a\\\$p1	#֛0baI01	#֛0babX\MI\$X\MI01D,\\L&a\\\$XXoF,LL&a\\\$XD\".&a\\z0babF,7	#&&a\\z0babF,LL\"0baI01	-q8\\pD\"\\n6MB훁\ Hŏۃ\#\Z==\ch\\\n=$>O8\J\@\0\\\0PT}3P\\P&\P\\\\r\\e\\\nn2t\\(CO	Q\@\Alhh@LL\j꠬[Er<tonnh\\\nnh\\\n/3\s~ L#\0\0\0\0IENDB`');
/*!40000 ALTER TABLE `product` ENABLE KEYS */;
UNLOCK TABLES;

--
-- Table structure for table `seller`
--

DROP TABLE IF EXISTS `seller`;
/*!40101 SET @saved_cs_client     = @@character_set_client */;
/*!50503 SET character_set_client = utf8mb4 */;
CREATE TABLE `seller` (
  `id` int NOT NULL AUTO_INCREMENT,
  `username` varchar(45) DEFAULT NULL,
  `first_name` varchar(45) DEFAULT NULL,
  `last_name` varchar(45) DEFAULT NULL,
  `telephone` int DEFAULT NULL,
  PRIMARY KEY (`id`),
  UNIQUE KEY `id_UNIQUE` (`id`),
  UNIQUE KEY `telephone_UNIQUE` (`telephone`),
  UNIQUE KEY `username_UNIQUE` (`username`)
) ENGINE=InnoDB AUTO_INCREMENT=9 DEFAULT CHARSET=utf8mb3;
/*!40101 SET character_set_client = @saved_cs_client */;

--
-- Dumping data for table `seller`
--

LOCK TABLES `seller` WRITE;
/*!40000 ALTER TABLE `seller` DISABLE KEYS */;
INSERT INTO `seller` VALUES (1,'f1','f1','l1',0),(2,'u2','f2','l2',111111111),(4,'n5','n5','p5',555555),(7,'n4','n4','p4',111111);
/*!40000 ALTER TABLE `seller` ENABLE KEYS */;
UNLOCK TABLES;

--
-- Table structure for table `useri`
--

DROP TABLE IF EXISTS `useri`;
/*!40101 SET @saved_cs_client     = @@character_set_client */;
/*!50503 SET character_set_client = utf8mb4 */;
CREATE TABLE `useri` (
  `id` int NOT NULL AUTO_INCREMENT,
  `username` varchar(45) DEFAULT NULL,
  `password` varchar(45) DEFAULT NULL,
  `first_name` varchar(45) DEFAULT NULL,
  `last_name` varchar(45) DEFAULT NULL,
  `telephone` int DEFAULT NULL,
  `state` varchar(45) DEFAULT NULL,
  PRIMARY KEY (`id`),
  UNIQUE KEY `id_UNIQUE` (`id`),
  UNIQUE KEY `username_UNIQUE` (`username`),
  UNIQUE KEY `telephone_UNIQUE` (`telephone`)
) ENGINE=InnoDB AUTO_INCREMENT=19 DEFAULT CHARSET=utf8mb3;
/*!40101 SET character_set_client = @saved_cs_client */;

--
-- Dumping data for table `useri`
--

LOCK TABLES `useri` WRITE;
/*!40000 ALTER TABLE `useri` DISABLE KEYS */;
INSERT INTO `useri` VALUES (6,'Adelina','free','Adelina','Tacu',79220421,'cumparator'),(8,'Dima','free','Dima','Toderas',79220422,'admin'),(10,'Ianus','free','ianus','sarbu',26957789,'admin'),(11,'Iurie','free','iurie','coropceanu',98765432,'cumparator'),(13,'Gicu','free','gheorghe','tacu',79234567,'admin'),(15,'Andreia','free','Andreia','Turcan',78220421,'cumparator'),(16,'Sergiu','free','Cercel','Sergiu',767756750,'cumparator'),(17,'Andreicika','free','Andreia ','Turcan',78220463,'cumparator'),(18,'pios','pios','viorel','bulac',79330421,'cumparator');
/*!40000 ALTER TABLE `useri` ENABLE KEYS */;
UNLOCK TABLES;
/*!40103 SET TIME_ZONE=@OLD_TIME_ZONE */;

/*!40101 SET SQL_MODE=@OLD_SQL_MODE */;
/*!40014 SET FOREIGN_KEY_CHECKS=@OLD_FOREIGN_KEY_CHECKS */;
/*!40014 SET UNIQUE_CHECKS=@OLD_UNIQUE_CHECKS */;
/*!40101 SET CHARACTER_SET_CLIENT=@OLD_CHARACTER_SET_CLIENT */;
/*!40101 SET CHARACTER_SET_RESULTS=@OLD_CHARACTER_SET_RESULTS */;
/*!40101 SET COLLATION_CONNECTION=@OLD_COLLATION_CONNECTION */;
/*!40111 SET SQL_NOTES=@OLD_SQL_NOTES */;

-- Dump completed on 2025-03-18 15:40:32
